2026-08-30T02:11:32Z 0, 208, [N/A], 4.57, 38 | 4746 832
2026-08-30T02:11:37Z 0, 208, [N/A], 4.46, 38 | 5314 832
2026-08-30T02:11:42Z 0, 208, [N/A], 4.59, 38 | 5788 832
2026-08-30T02:11:47Z 0, 2398, [N/A], 8.23, 38 | 6331 832
2026-08-30T02:11:52Z 0, 2398, [N/A], 10.53, 39 | 8202 832
2026-08-30T02:11:57Z 0, 2398, [N/A], 12.44, 40 | 43454 831
2026-08-30T02:12:02Z 33, 2398, [N/A], 12.15, 40 | 49678 831
2026-08-30T02:12:07Z 0, 2398, [N/A], 10.61, 40 | 34586 831
2026-08-30T02:12:12Z 96, 2398, [N/A], 68.94, 49 | 34708 831
2026-08-30T02:12:17Z 96, 2398, [N/A], 78.52, 57 | 34680 831
2026-08-30T02:12:22Z 0, 2398, [N/A], 11.31, 45 | 34680 831
2026-08-30T02:12:27Z 0, 2398, [N/A], 17.12, 45 | 35068 831
2026-08-30T02:12:32Z 95, 2398, [N/A], 18.97, 47 | 33634 831
2026-08-30T02:12:37Z 0, 2398, [N/A], 18.07, 44 | 35074 831
2026-08-30T02:12:42Z 0, 2398, [N/A], 19.07, 44 | 35370 831
2026-08-30T02:12:48Z 0, 2398, [N/A], 11.10, 44 | 35407 831
2026-08-30T02:12:53Z 84, 2398, [N/A], 13.87, 44 | 35483 831
2026-08-30T02:12:58Z 93, 2398, [N/A], 14.58, 45 | 35484 831
2026-08-30T02:13:03Z 0, 2398, [N/A], 13.90, 44 | 35458 831
2026-08-30T02:13:08Z 55, 2398, [N/A], 12.15, 43 | 35488 831
2026-08-30T02:13:13Z 0, 2398, [N/A], 12.94, 43 | 35533 831
2026-08-30T02:13:18Z 7, 2398, [N/A], 13.88, 43 | 35539 831
2026-08-30T02:13:23Z 4, 2398, [N/A], 13.86, 43 | 35591 831
2026-08-30T02:13:28Z 62, 2398, [N/A], 29.26, 46 | 34380 831
2026-08-30T02:13:33Z 62, 2398, [N/A], 29.05, 48 | 35894 831
2026-08-30T02:13:38Z 96, 2398, [N/A], 15.64, 46 | 36026 831
2026-08-30T02:13:43Z 0, 2398, [N/A], 11.16, 45 | 33277 831
2026-08-30T02:13:48Z 0, 2398, [N/A], 11.21, 45 | 36442 831
2026-08-30T02:13:53Z 8, 2398, [N/A], 12.01, 45 | 48498 831
2026-08-30T02:13:58Z 0, 2398, [N/A], 22.48, 45 | 49320 831
2026-08-30T02:14:03Z 15, 2398, [N/A], 12.95, 45 | 70462 831
2026-08-30T02:14:08Z 0, 2398, [N/A], 11.14, 44 | 104973 831
2026-08-30T02:14:13Z 95, 2392, [N/A], 69.23, 58 | 104826 831
2026-08-30T02:14:18Z 68, 2398, [N/A], 66.60, 58 | 104654 831
2026-08-30T02:14:23Z 96, 2411, [N/A], 44.60, 59 | 104522 831
2026-08-30T02:14:29Z 96, 2411, [N/A], 66.37, 63 | 104395 831
2026-08-30T02:14:34Z 20, 2398, [N/A], 70.82, 56 | 104582 831
2026-08-30T02:14:39Z 96, 2398, [N/A], 62.57, 61 | 104439 831
2026-08-30T02:14:44Z 96, 2392, [N/A], 67.48, 63 | 104356 831
2026-08-30T02:14:49Z 96, 2411, [N/A], 28.66, 57 | 104827 831
2026-08-30T02:14:54Z 96, 2411, [N/A], 28.05, 56 | 104776 831
2026-08-30T02:14:59Z 96, 2411, [N/A], 27.72, 56 | 104737 831
2026-08-30T02:15:04Z 96, 2411, [N/A], 44.40, 59 | 104725 831
2026-08-30T02:15:09Z 96, 2411, [N/A], 53.49, 60 | 104738 831
2026-08-30T02:15:14Z 96, 2411, [N/A], 44.04, 59 | 104732 831
2026-08-30T02:15:19Z 96, 2411, [N/A], 45.21, 60 | 104718 831
2026-08-30T02:15:25Z 91, 2411, [N/A], 37.47, 59 | 102888 831
2026-08-30T02:15:30Z 96, 2411, [N/A], 44.75, 63 | 102784 831
2026-08-30T02:15:35Z 96, 2411, [N/A], 36.85, 60 | 102856 831
2026-08-30T02:15:40Z 96, 2405, [N/A], 47.83, 60 | 102808 831
2026-08-30T02:15:45Z 96, 2411, [N/A], 41.28, 59 | 102901 831
2026-08-30T02:15:50Z 96, 2411, [N/A], 27.80, 59 | 102886 830
2026-08-30T02:15:55Z 96, 2411, [N/A], 45.36, 63 | 102885 830
2026-08-30T02:16:00Z 96, 2411, [N/A], 30.38, 59 | 103049 830
2026-08-30T02:16:05Z 96, 2411, [N/A], 27.90, 59 | 103052 830
2026-08-30T02:16:10Z 96, 2411, [N/A], 45.40, 61 | 103032 830
2026-08-30T02:16:15Z 96, 2398, [N/A], 52.86, 64 | 103020 830
2026-08-30T02:16:21Z 96, 2392, [N/A], 55.23, 65 | 105300 830
2026-08-30T02:16:26Z 96, 2392, [N/A], 44.37, 64 | 105314 830
2026-08-30T02:16:31Z 81, 2398, [N/A], 49.72, 65 | 102435 830
2026-08-30T02:16:36Z 96, 2405, [N/A], 36.54, 62 | 104020 830
2026-08-30T02:16:41Z 96, 2411, [N/A], 37.62, 62 | 103884 830
2026-08-30T02:16:46Z 74, 2411, [N/A], 35.83, 60 | 103728 830
2026-08-30T02:16:51Z 96, 2411, [N/A], 34.83, 61 | 103687 830
2026-08-30T02:16:56Z 95, 2411, [N/A], 31.06, 59 | 103597 830
2026-08-30T02:17:01Z 0, 2411, [N/A], 12.71, 56 | 105339 830
2026-08-30T02:17:06Z 0, 2411, [N/A], 12.56, 55 | 105840 830
2026-08-30T02:17:11Z 0, 2411, [N/A], 12.45, 54 | 106170 830
2026-08-30T02:17:16Z 0, 2398, [N/A], 12.12, 52 | 107307 830
2026-08-30T02:17:21Z 0, 2398, [N/A], 12.06, 51 | 107263 830
2026-08-30T02:17:26Z 0, 2398, [N/A], 11.75, 50 | 107279 830
2026-08-30T02:17:31Z 0, 2398, [N/A], 11.70, 50 | 107213 830
2026-08-30T02:17:36Z 0, 2398, [N/A], 11.66, 49 | 107160 830
2026-08-30T02:17:41Z 0, 2398, [N/A], 11.58, 48 | 107145 830
2026-08-30T02:17:46Z 0, 2398, [N/A], 11.50, 48 | 107074 830
2026-08-30T02:17:52Z 0, 2398, [N/A], 11.46, 47 | 107016 830
2026-08-30T02:17:57Z 0, 2398, [N/A], 11.50, 48 | 110316 830
2026-08-30T02:18:02Z 96, 2398, [N/A], 46.02, 58 | 109995 830
2026-08-30T02:18:07Z 96, 2398, [N/A], 25.27, 52 | 109861 830
2026-08-30T02:18:12Z 96, 2411, [N/A], 26.22, 53 | 109794 830
2026-08-30T02:18:17Z 96, 2411, [N/A], 26.17, 54 | 109081 830
2026-08-30T02:18:22Z 96, 2411, [N/A], 26.46, 54 | 108930 830
2026-08-30T02:18:27Z 96, 2411, [N/A], 43.79, 55 | 108803 830
2026-08-30T02:18:32Z 96, 2411, [N/A], 26.53, 55 | 108739 830
2026-08-30T02:18:37Z 96, 2392, [N/A], 40.23, 54 | 108774 830
2026-08-30T02:18:42Z 96, 2411, [N/A], 27.15, 56 | 108732 830
2026-08-30T02:18:47Z 96, 2411, [N/A], 35.13, 57 | 109235 830
2026-08-30T02:18:52Z 96, 2411, [N/A], 27.07, 57 | 109199 830
2026-08-30T02:18:57Z 96, 2411, [N/A], 27.37, 57 | 109207 830
2026-08-30T02:19:03Z 96, 2411, [N/A], 27.15, 57 | 109205 830
2026-08-30T02:19:08Z 96, 2405, [N/A], 49.37, 61 | 110148 830
2026-08-30T02:19:13Z 0, 2411, [N/A], 12.77, 56 | 110300 830
2026-08-30T02:19:18Z 96, 2411, [N/A], 28.51, 58 | 110259 830
2026-08-30T02:19:23Z 96, 2398, [N/A], 50.27, 62 | 110716 830
2026-08-30T02:19:28Z 96, 2398, [N/A], 43.58, 62 | 110689 830
2026-08-30T02:19:33Z 96, 2411, [N/A], 28.69, 59 | 110691 830
2026-08-30T02:19:38Z 96, 2392, [N/A], 50.86, 62 | 110706 830
2026-08-30T02:19:43Z 96, 2398, [N/A], 43.81, 64 | 110685 830
2026-08-30T02:19:48Z 96, 2411, [N/A], 28.74, 60 | 110679 830
2026-08-30T02:19:54Z 0, 2411, [N/A], 12.88, 57 | 110699 830
2026-08-30T02:19:59Z 96, 2392, [N/A], 53.31, 65 | 111928 830
2026-08-30T02:20:04Z 96, 2392, [N/A], 51.91, 65 | 111975 830
2026-08-30T02:20:09Z 96, 2398, [N/A], 34.21, 63 | 111967 830
2026-08-30T02:20:14Z 96, 2411, [N/A], 33.82, 62 | 111987 830
2026-08-30T02:20:19Z 96, 2379, [N/A], 57.12, 66 | 111968 830
2026-08-30T02:20:24Z 96, 2398, [N/A], 52.18, 67 | 111961 830
2026-08-30T02:20:29Z 96, 2398, [N/A], 46.13, 66 | 111957 830
2026-08-30T02:20:34Z 96, 2398, [N/A], 34.44, 64 | 111946 830
2026-08-30T02:20:39Z 96, 2398, [N/A], 34.29, 64 | 111956 830
2026-08-30T02:20:44Z 58, 2372, [N/A], 66.82, 69 | 111972 830
2026-08-30T02:20:49Z 96, 2392, [N/A], 52.55, 67 | 111956 830
2026-08-30T02:20:54Z 96, 2392, [N/A], 45.29, 67 | 111933 830
2026-08-30T02:21:00Z 96, 2398, [N/A], 34.60, 65 | 111945 830
2026-08-30T02:21:05Z 96, 2398, [N/A], 34.39, 64 | 111959 830
2026-08-30T02:21:10Z 0, 2411, [N/A], 13.35, 60 | 111973 830
2026-08-30T02:21:15Z 96, 2398, [N/A], 28.12, 63 | 111965 830
2026-08-30T02:21:20Z 95, 2379, [N/A], 72.28, 70 | 111955 830
2026-08-30T02:21:25Z 96, 2398, [N/A], 28.20, 63 | 111955 830
2026-08-30T02:21:30Z 96, 2379, [N/A], 71.34, 70 | 111947 830
2026-08-30T02:21:35Z 96, 2398, [N/A], 28.20, 63 | 111978 830
2026-08-30T02:21:40Z 96, 2385, [N/A], 70.89, 69 | 111966 830
2026-08-30T02:21:45Z 96, 2398, [N/A], 28.31, 63 | 111964 830
2026-08-30T02:21:50Z 96, 2398, [N/A], 28.33, 63 | 111981 830
2026-08-30T02:21:55Z 96, 2398, [N/A], 28.23, 63 | 111982 830
2026-08-30T02:22:00Z 96, 2398, [N/A], 34.94, 64 | 111969 830
2026-08-30T02:22:05Z 96, 2398, [N/A], 28.32, 63 | 111985 830
2026-08-30T02:22:11Z 96, 2392, [N/A], 57.94, 69 | 111983 830
2026-08-30T02:22:16Z 96, 2398, [N/A], 28.89, 63 | 111987 830
2026-08-30T02:22:21Z 96, 2372, [N/A], 60.21, 72 | 111959 830
2026-08-30T02:22:26Z 96, 2385, [N/A], 66.05, 72 | 111969 830
2026-08-30T02:22:31Z 96, 2398, [N/A], 29.03, 64 | 111959 830
2026-08-30T02:22:36Z 96, 2392, [N/A], 60.34, 70 | 111946 830
2026-08-30T02:22:41Z 96, 2398, [N/A], 29.06, 64 | 111961 830
2026-08-30T02:22:46Z 96, 2398, [N/A], 31.87, 64 | 111972 830
2026-08-30T02:22:51Z 96, 2398, [N/A], 53.22, 69 | 111958 830
2026-08-30T02:22:56Z 96, 2398, [N/A], 29.21, 65 | 111959 830
2026-08-30T02:23:01Z 96, 2385, [N/A], 64.17, 70 | 111947 830
2026-08-30T02:23:06Z 96, 2398, [N/A], 29.21, 65 | 111956 830
2026-08-30T02:23:11Z 96, 2398, [N/A], 29.08, 65 | 111968 830
2026-08-30T02:23:17Z 96, 2398, [N/A], 58.40, 69 | 111960 830
2026-08-30T02:23:22Z 96, 2398, [N/A], 29.38, 66 | 111962 830
2026-08-30T02:23:27Z 96, 2398, [N/A], 29.10, 65 | 111989 830
2026-08-30T02:23:32Z 96, 2392, [N/A], 53.00, 69 | 111972 830
2026-08-30T02:23:37Z 96, 2392, [N/A], 54.93, 67 | 111974 830
2026-08-30T02:23:42Z 96, 2392, [N/A], 52.56, 68 | 111953 830
2026-08-30T02:23:47Z 96, 2398, [N/A], 30.38, 66 | 111951 830
2026-08-30T02:23:52Z 96, 2398, [N/A], 29.80, 65 | 111978 830
2026-08-30T02:23:57Z 96, 2392, [N/A], 49.96, 68 | 111977 830
2026-08-30T02:24:02Z 96, 2392, [N/A], 54.43, 70 | 111964 830
2026-08-30T02:24:07Z 96, 2392, [N/A], 55.47, 70 | 111954 830
2026-08-30T02:24:13Z 96, 2392, [N/A], 55.49, 71 | 111942 830
2026-08-30T02:24:18Z 96, 2398, [N/A], 30.78, 67 | 111931 830
2026-08-30T02:24:23Z 96, 2398, [N/A], 30.61, 66 | 111951 830
2026-08-30T02:24:28Z 96, 2392, [N/A], 51.55, 70 | 111958 830
2026-08-30T02:24:33Z 96, 2392, [N/A], 54.95, 71 | 111990 830
2026-08-30T02:24:38Z 96, 2392, [N/A], 55.49, 71 | 111966 830
2026-08-30T02:24:43Z 96, 2398, [N/A], 30.66, 67 | 111966 830
2026-08-30T02:24:48Z 96, 2398, [N/A], 29.86, 66 | 111963 830
2026-08-30T02:24:53Z 96, 2392, [N/A], 51.57, 70 | 111960 830
2026-08-30T02:24:58Z 96, 2398, [N/A], 55.34, 71 | 111963 830
2026-08-30T02:25:03Z 96, 2398, [N/A], 55.79, 70 | 111967 830
2026-08-30T02:25:09Z 96, 2398, [N/A], 55.85, 71 | 111976 830
2026-08-30T02:25:14Z 96, 2398, [N/A], 30.96, 68 | 111965 830
2026-08-30T02:25:19Z 96, 2398, [N/A], 29.77, 67 | 111969 830
2026-08-30T02:25:24Z 96, 2398, [N/A], 51.61, 72 | 111976 830
2026-08-30T02:25:29Z 96, 2398, [N/A], 55.55, 71 | 111976 830
2026-08-30T02:25:34Z 96, 2398, [N/A], 47.49, 72 | 111948 830
2026-08-30T02:25:39Z 96, 2398, [N/A], 30.78, 68 | 111921 830
2026-08-30T02:25:44Z 96, 2398, [N/A], 51.39, 70 | 111932 830
2026-08-30T02:25:49Z 96, 2398, [N/A], 52.62, 72 | 111953 830
2026-08-30T02:25:54Z 96, 2398, [N/A], 48.24, 71 | 111981 830
2026-08-30T02:25:59Z 96, 2398, [N/A], 57.18, 74 | 111973 830
2026-08-30T02:26:05Z 96, 2398, [N/A], 49.42, 73 | 111953 830
2026-08-30T02:26:10Z 96, 2398, [N/A], 31.13, 69 | 111954 830
2026-08-30T02:26:15Z 96, 2398, [N/A], 19.02, 66 | 111961 830
2026-08-30T02:26:20Z 96, 2405, [N/A], 54.79, 72 | 111949 830
2026-08-30T02:26:25Z 96, 2398, [N/A], 54.67, 73 | 111970 830
2026-08-30T02:26:30Z 96, 2398, [N/A], 54.77, 72 | 111969 830
2026-08-30T02:26:35Z 96, 2398, [N/A], 54.31, 74 | 111948 830
2026-08-30T02:26:40Z 96, 2398, [N/A], 54.30, 73 | 111976 830
2026-08-30T02:26:45Z 96, 2398, [N/A], 45.30, 71 | 111993 830
2026-08-30T02:26:50Z 96, 2398, [N/A], 35.67, 70 | 111992 830
2026-08-30T02:26:55Z 96, 2398, [N/A], 32.35, 69 | 111974 830
2026-08-30T02:27:00Z 96, 2398, [N/A], 56.85, 72 | 111982 830
2026-08-30T02:27:06Z 96, 2398, [N/A], 55.84, 72 | 111959 830
2026-08-30T02:27:11Z 96, 2398, [N/A], 55.47, 73 | 111963 830
2026-08-30T02:27:16Z 96, 2398, [N/A], 56.88, 73 | 111965 830
2026-08-30T02:27:21Z 96, 2392, [N/A], 57.58, 74 | 111950 830
2026-08-30T02:27:26Z 96, 2398, [N/A], 57.09, 75 | 111947 830
2026-08-30T02:27:31Z 96, 2405, [N/A], 49.17, 73 | 111952 830
2026-08-30T02:27:36Z 96, 2398, [N/A], 56.16, 73 | 111949 830
2026-08-30T02:27:41Z 96, 2385, [N/A], 70.69, 74 | 111962 830
2026-08-30T02:27:46Z 96, 2398, [N/A], 35.69, 69 | 111972 830
2026-08-30T02:27:51Z 96, 2398, [N/A], 33.17, 68 | 111971 830
2026-08-30T02:27:56Z 96, 2398, [N/A], 54.83, 72 | 111983 830
2026-08-30T02:28:02Z 96, 2398, [N/A], 53.78, 72 | 111982 830
2026-08-30T02:28:07Z 96, 2398, [N/A], 54.82, 70 | 111968 830
2026-08-30T02:28:12Z 96, 2398, [N/A], 53.38, 71 | 111980 830
2026-08-30T02:28:17Z 96, 2398, [N/A], 53.55, 72 | 111976 830
2026-08-30T02:28:22Z 96, 2398, [N/A], 37.58, 69 | 111982 830
2026-08-30T02:28:27Z 96, 2398, [N/A], 35.36, 68 | 111963 830
2026-08-30T02:28:32Z 96, 2398, [N/A], 34.58, 67 | 111952 830
2026-08-30T02:28:37Z 96, 2398, [N/A], 53.79, 71 | 111946 830
2026-08-30T02:28:42Z 96, 2398, [N/A], 52.76, 70 | 111972 830
2026-08-30T02:28:47Z 96, 2392, [N/A], 55.73, 70 | 111964 830
2026-08-30T02:28:52Z 96, 2392, [N/A], 46.85, 69 | 111974 830
2026-08-30T02:28:58Z 96, 2398, [N/A], 56.22, 71 | 111998 830
2026-08-30T02:29:03Z 96, 2392, [N/A], 51.39, 70 | 111985 830
2026-08-30T02:29:08Z 96, 2398, [N/A], 51.89, 71 | 111961 830
2026-08-30T02:29:13Z 96, 2398, [N/A], 48.79, 70 | 111973 830
2026-08-30T02:29:18Z 96, 2392, [N/A], 51.85, 70 | 111961 830
2026-08-30T02:29:23Z 96, 2398, [N/A], 35.30, 67 | 111977 830
2026-08-30T02:29:28Z 96, 2398, [N/A], 35.20, 66 | 111950 830
2026-08-30T02:29:33Z 96, 2392, [N/A], 54.47, 70 | 111973 830
2026-08-30T02:29:38Z 96, 2392, [N/A], 54.38, 68 | 111991 830
2026-08-30T02:29:43Z 96, 2392, [N/A], 55.48, 70 | 111980 830
2026-08-30T02:29:48Z 96, 2392, [N/A], 54.11, 69 | 111988 830
2026-08-30T02:29:54Z 96, 2392, [N/A], 58.70, 70 | 111973 830
2026-08-30T02:29:59Z 96, 2392, [N/A], 53.13, 73 | 111968 830
2026-08-30T02:30:04Z 96, 2398, [N/A], 35.04, 67 | 111994 830
2026-08-30T02:30:09Z 96, 2398, [N/A], 34.93, 66 | 111978 830
2026-08-30T02:30:14Z 96, 2392, [N/A], 52.47, 68 | 112006 830
2026-08-30T02:30:19Z 96, 2392, [N/A], 52.37, 69 | 111997 830
2026-08-30T02:30:24Z 96, 2392, [N/A], 54.47, 68 | 112008 830
2026-08-30T02:30:29Z 96, 2392, [N/A], 53.69, 68 | 112007 830
2026-08-30T02:30:34Z 96, 2392, [N/A], 57.36, 70 | 112008 830
2026-08-30T02:30:39Z 96, 2392, [N/A], 55.55, 70 | 111979 830
2026-08-30T02:30:44Z 96, 2392, [N/A], 54.46, 70 | 111968 830
2026-08-30T02:30:50Z 96, 2392, [N/A], 53.14, 70 | 111991 830
2026-08-30T02:30:55Z 96, 2392, [N/A], 54.68, 70 | 112008 830
2026-08-30T02:31:00Z 96, 2398, [N/A], 35.22, 67 | 111997 830
2026-08-30T02:31:05Z 96, 2398, [N/A], 35.03, 66 | 112007 830
2026-08-30T02:31:10Z 96, 2398, [N/A], 29.87, 65 | 111981 830
2026-08-30T02:31:15Z 96, 2392, [N/A], 51.61, 67 | 111978 830
2026-08-30T02:31:20Z 96, 2398, [N/A], 28.51, 64 | 111978 830
2026-08-30T02:31:25Z 96, 2392, [N/A], 51.04, 67 | 111965 830
2026-08-30T02:31:30Z 96, 2379, [N/A], 73.12, 71 | 111969 830
2026-08-30T02:31:35Z 96, 2398, [N/A], 28.51, 64 | 111974 830
2026-08-30T02:31:40Z 96, 2398, [N/A], 52.15, 67 | 111948 830
2026-08-30T02:31:45Z 96, 2398, [N/A], 28.53, 64 | 111957 830
2026-08-30T02:31:51Z 96, 2398, [N/A], 28.40, 63 | 111978 830
2026-08-30T02:31:56Z 95, 2392, [N/A], 54.57, 67 | 111981 830
2026-08-30T02:32:01Z 96, 2398, [N/A], 28.47, 63 | 112008 830
2026-08-30T02:32:06Z 96, 2398, [N/A], 51.94, 67 | 111987 830
2026-08-30T02:32:11Z 96, 2398, [N/A], 28.46, 63 | 111981 830
2026-08-30T02:32:16Z 96, 2398, [N/A], 28.91, 63 | 111991 830
2026-08-30T02:32:21Z 96, 2372, [N/A], 64.06, 70 | 111983 830
2026-08-30T02:32:26Z 96, 2398, [N/A], 28.35, 63 | 111993 830
2026-08-30T02:32:31Z 7, 2398, [N/A], 40.12, 66 | 111998 830
2026-08-30T02:32:36Z 96, 2392, [N/A], 53.62, 66 | 112007 830
2026-08-30T02:32:41Z 96, 2392, [N/A], 56.12, 65 | 111999 830
2026-08-30T02:32:46Z 96, 2398, [N/A], 28.89, 63 | 111973 830
2026-08-30T02:32:52Z 96, 2392, [N/A], 52.43, 65 | 111993 830
2026-08-30T02:32:57Z 96, 2392, [N/A], 53.24, 67 | 111962 830
2026-08-30T02:33:02Z 96, 2392, [N/A], 57.61, 70 | 111975 830
2026-08-30T02:33:07Z 96, 2398, [N/A], 29.09, 63 | 112003 830
2026-08-30T02:33:12Z 96, 2392, [N/A], 52.63, 66 | 111991 830
2026-08-30T02:33:17Z 96, 2392, [N/A], 52.85, 67 | 112025 830
2026-08-30T02:33:22Z 96, 2392, [N/A], 56.86, 65 | 111981 830
2026-08-30T02:33:27Z 96, 2398, [N/A], 28.99, 63 | 111999 830
2026-08-30T02:33:32Z 96, 2398, [N/A], 51.32, 67 | 111989 830
2026-08-30T02:33:37Z 96, 2398, [N/A], 50.24, 66 | 112007 830
2026-08-30T02:33:42Z 96, 2385, [N/A], 63.00, 69 | 112012 830
2026-08-30T02:33:47Z 96, 2398, [N/A], 29.13, 63 | 111997 830
2026-08-30T02:33:53Z 96, 2392, [N/A], 48.08, 66 | 111951 830
2026-08-30T02:33:58Z 96, 2392, [N/A], 53.89, 66 | 111954 830
2026-08-30T02:34:03Z 96, 2392, [N/A], 60.93, 70 | 111956 830
2026-08-30T02:34:08Z 96, 2398, [N/A], 28.97, 63 | 111959 830
2026-08-30T02:34:13Z 96, 2398, [N/A], 44.45, 65 | 111971 830
2026-08-30T02:34:18Z 96, 2398, [N/A], 50.42, 66 | 111977 830
2026-08-30T02:34:23Z 96, 2398, [N/A], 56.69, 74 | 111995 830
2026-08-30T02:34:28Z 96, 2398, [N/A], 29.07, 64 | 111965 830
2026-08-30T02:34:33Z 96, 2398, [N/A], 26.88, 61 | 111949 830
2026-08-30T02:34:38Z 96, 2392, [N/A], 50.64, 66 | 111980 830
2026-08-30T02:34:43Z 96, 2392, [N/A], 54.52, 67 | 111969 830
2026-08-30T02:34:48Z 96, 2392, [N/A], 52.45, 66 | 111979 830
2026-08-30T02:34:53Z 96, 2398, [N/A], 54.76, 66 | 111983 830
2026-08-30T02:34:59Z 96, 2392, [N/A], 53.26, 66 | 111974 830
2026-08-30T02:35:04Z 96, 2385, [N/A], 62.57, 69 | 111973 830
2026-08-30T02:35:09Z 96, 2398, [N/A], 30.29, 64 | 111994 830
2026-08-30T02:35:14Z 96, 2392, [N/A], 45.37, 69 | 111973 830
2026-08-30T02:35:19Z 96, 2392, [N/A], 54.78, 67 | 111969 830
2026-08-30T02:35:24Z 96, 2392, [N/A], 45.35, 67 | 111966 830
2026-08-30T02:35:29Z 96, 2392, [N/A], 53.50, 68 | 111971 830
2026-08-30T02:35:34Z 96, 2392, [N/A], 51.36, 68 | 111993 830
2026-08-30T02:35:39Z 96, 2392, [N/A], 54.47, 71 | 112004 830
2026-08-30T02:35:44Z 96, 2392, [N/A], 46.18, 67 | 111987 830
2026-08-30T02:35:49Z 96, 2398, [N/A], 47.24, 68 | 112002 830
2026-08-30T02:35:55Z 96, 2398, [N/A], 30.44, 64 | 111973 830
2026-08-30T02:36:00Z 96, 2398, [N/A], 41.75, 66 | 111994 830
2026-08-30T02:36:05Z 96, 2392, [N/A], 53.18, 68 | 111991 830
2026-08-30T02:36:10Z 96, 2392, [N/A], 53.09, 68 | 111992 830
2026-08-30T02:36:15Z 96, 2392, [N/A], 45.05, 67 | 111974 830
2026-08-30T02:36:20Z 96, 2398, [N/A], 54.67, 71 | 111972 830
2026-08-30T02:36:25Z 96, 2398, [N/A], 46.56, 68 | 111976 830
2026-08-30T02:36:30Z 96, 2398, [N/A], 30.57, 65 | 111998 830
2026-08-30T02:36:35Z 96, 2398, [N/A], 30.37, 64 | 111963 830
2026-08-30T02:36:40Z 96, 2398, [N/A], 54.62, 68 | 111963 830
2026-08-30T02:36:45Z 96, 2392, [N/A], 54.00, 68 | 111959 830
2026-08-30T02:36:51Z 96, 2392, [N/A], 54.83, 67 | 111966 830
2026-08-30T02:36:56Z 96, 2392, [N/A], 55.31, 69 | 111962 830
2026-08-30T02:37:01Z 96, 2392, [N/A], 51.53, 67 | 111966 830
2026-08-30T02:37:06Z 96, 2392, [N/A], 54.90, 67 | 111945 830
2026-08-30T02:37:11Z 96, 2392, [N/A], 52.63, 68 | 111956 830
2026-08-30T02:37:16Z 96, 2398, [N/A], 46.85, 66 | 111972 830
2026-08-30T02:37:21Z 96, 2398, [N/A], 30.45, 64 | 111970 830
2026-08-30T02:37:26Z 96, 2398, [N/A], 51.81, 68 | 111956 830
2026-08-30T02:37:31Z 96, 2392, [N/A], 55.75, 68 | 111983 830
2026-08-30T02:37:36Z 96, 2392, [N/A], 53.10, 70 | 111963 830
2026-08-30T02:37:41Z 96, 2392, [N/A], 57.17, 69 | 111977 830
2026-08-30T02:37:47Z 96, 2398, [N/A], 54.39, 67 | 111991 830
2026-08-30T02:37:52Z 96, 2398, [N/A], 46.37, 68 | 112011 830
2026-08-30T02:37:57Z 96, 2398, [N/A], 30.45, 65 | 111995 830
2026-08-30T02:38:02Z 96, 2398, [N/A], 30.22, 64 | 111990 830
2026-08-30T02:38:07Z 96, 2392, [N/A], 54.48, 71 | 112005 830
2026-08-30T02:38:12Z 96, 2392, [N/A], 54.65, 68 | 112003 830
2026-08-30T02:38:17Z 96, 2398, [N/A], 55.50, 69 | 111977 830
2026-08-30T02:38:22Z 96, 2392, [N/A], 53.33, 67 | 111988 830
2026-08-30T02:38:27Z 96, 2392, [N/A], 55.47, 70 | 111996 830
2026-08-30T02:38:32Z 96, 2392, [N/A], 54.32, 69 | 112018 830
2026-08-30T02:38:37Z 96, 2398, [N/A], 52.21, 68 | 112012 830
2026-08-30T02:38:42Z 96, 2398, [N/A], 30.63, 65 | 111994 830
2026-08-30T02:38:48Z 96, 2398, [N/A], 29.59, 64 | 111989 830
2026-08-30T02:38:53Z 96, 2392, [N/A], 51.37, 68 | 111974 830
2026-08-30T02:38:58Z 96, 2398, [N/A], 54.49, 67 | 111987 830
2026-08-30T02:39:03Z 96, 2392, [N/A], 52.64, 68 | 112011 830
2026-08-30T02:39:08Z 96, 2398, [N/A], 53.73, 68 | 111971 830
2026-08-30T02:39:13Z 96, 2392, [N/A], 55.34, 69 | 111990 830
2026-08-30T02:39:18Z 96, 2398, [N/A], 55.60, 69 | 111975 830
2026-08-30T02:39:23Z 96, 2392, [N/A], 52.43, 68 | 111977 830
2026-08-30T02:39:28Z 96, 2398, [N/A], 54.63, 71 | 111973 830
2026-08-30T02:39:33Z 96, 2392, [N/A], 53.89, 72 | 111966 830
2026-08-30T02:39:38Z 96, 2392, [N/A], 48.88, 68 | 111974 830
2026-08-30T02:39:43Z 96, 2392, [N/A], 54.39, 69 | 111987 830
2026-08-30T02:39:49Z 96, 2398, [N/A], 45.81, 67 | 111971 830
2026-08-30T02:39:54Z 96, 2398, [N/A], 35.05, 65 | 111976 830
2026-08-30T02:39:59Z 96, 2398, [N/A], 34.90, 65 | 111974 830
2026-08-30T02:40:04Z 96, 2392, [N/A], 52.57, 66 | 111973 830
2026-08-30T02:40:09Z 96, 2392, [N/A], 52.60, 66 | 111956 830
2026-08-30T02:40:14Z 96, 2398, [N/A], 56.45, 68 | 111976 830
2026-08-30T02:40:19Z 96, 2392, [N/A], 53.77, 70 | 111991 830
2026-08-30T02:40:24Z 96, 2392, [N/A], 46.26, 68 | 111992 830
2026-08-30T02:40:29Z 96, 2392, [N/A], 54.88, 68 | 111981 830
2026-08-30T02:40:34Z 96, 2392, [N/A], 52.46, 68 | 111989 830
2026-08-30T02:40:39Z 96, 2392, [N/A], 54.83, 67 | 111968 830
2026-08-30T02:40:45Z 96, 2392, [N/A], 52.00, 68 | 111989 830
2026-08-30T02:40:50Z 96, 2385, [N/A], 55.93, 68 | 111964 830
2026-08-30T02:40:55Z 96, 2392, [N/A], 54.90, 71 | 111967 830
2026-08-30T02:41:00Z 96, 2398, [N/A], 46.63, 69 | 111966 830
2026-08-30T02:41:05Z 96, 2392, [N/A], 55.69, 72 | 111980 830
2026-08-30T02:41:10Z 96, 2398, [N/A], 49.14, 68 | 111986 830
2026-08-30T02:41:15Z 96, 2392, [N/A], 52.75, 69 | 111980 830
2026-08-30T02:41:20Z 96, 2398, [N/A], 35.21, 66 | 111983 830
2026-08-30T02:41:25Z 96, 2398, [N/A], 35.01, 65 | 111963 830
2026-08-30T02:41:30Z 96, 2398, [N/A], 29.72, 64 | 111984 830
2026-08-30T02:41:35Z 96, 2392, [N/A], 49.29, 68 | 112018 830
2026-08-30T02:41:40Z 96, 2392, [N/A], 53.84, 68 | 112008 830
2026-08-30T02:41:46Z 96, 2392, [N/A], 53.16, 69 | 112011 830
2026-08-30T02:41:51Z 96, 2392, [N/A], 54.76, 67 | 111986 830
2026-08-30T02:41:56Z 96, 2392, [N/A], 52.16, 68 | 111986 830
2026-08-30T02:42:01Z 96, 2392, [N/A], 53.92, 68 | 111992 830
2026-08-30T02:42:06Z 96, 2392, [N/A], 53.89, 69 | 111983 830
2026-08-30T02:42:11Z 96, 2398, [N/A], 54.37, 69 | 111970 830
2026-08-30T02:42:16Z 96, 2398, [N/A], 55.78, 72 | 111970 830
2026-08-30T02:42:21Z 96, 2392, [N/A], 45.92, 68 | 111973 830
2026-08-30T02:42:26Z 96, 2398, [N/A], 54.36, 69 | 111970 830
2026-08-30T02:42:31Z 96, 2392, [N/A], 64.05, 75 | 111979 830
2026-08-30T02:42:36Z 96, 2398, [N/A], 35.01, 66 | 111973 830
2026-08-30T02:42:41Z 96, 2398, [N/A], 34.84, 65 | 111990 830
2026-08-30T02:42:47Z 96, 2392, [N/A], 51.91, 67 | 112016 830
2026-08-30T02:42:52Z 96, 2392, [N/A], 55.72, 68 | 111992 830
2026-08-30T02:42:57Z 96, 2392, [N/A], 52.97, 67 | 112000 830
2026-08-30T02:43:02Z 96, 2392, [N/A], 53.86, 69 | 111990 830
2026-08-30T02:43:07Z 96, 2392, [N/A], 54.72, 69 | 111965 830
2026-08-30T02:43:12Z 96, 2398, [N/A], 56.33, 68 | 111963 830
2026-08-30T02:43:17Z 96, 2392, [N/A], 53.19, 67 | 111979 830
2026-08-30T02:43:22Z 96, 2392, [N/A], 47.73, 68 | 111998 830
2026-08-30T02:43:27Z 96, 2398, [N/A], 55.14, 68 | 111972 830
2026-08-30T02:43:32Z 96, 2392, [N/A], 54.95, 68 | 111987 830
2026-08-30T02:43:37Z 96, 2392, [N/A], 53.02, 67 | 112006 830
2026-08-30T02:43:43Z 96, 2392, [N/A], 53.86, 68 | 111980 830
2026-08-30T02:43:48Z 96, 2385, [N/A], 58.59, 68 | 111982 830
2026-08-30T02:43:53Z 96, 2392, [N/A], 55.13, 69 | 111985 830
2026-08-30T02:43:58Z 96, 2392, [N/A], 53.03, 69 | 112000 830
2026-08-30T02:44:03Z 96, 2398, [N/A], 35.35, 67 | 112006 830
2026-08-30T02:44:08Z 96, 2398, [N/A], 35.06, 65 | 111998 830
2026-08-30T02:44:13Z 96, 2398, [N/A], 29.55, 64 | 112002 830
2026-08-30T02:44:18Z 96, 2398, [N/A], 53.31, 68 | 111992 830
2026-08-30T02:44:23Z 96, 2392, [N/A], 46.47, 67 | 111964 830
2026-08-30T02:44:28Z 96, 2392, [N/A], 56.51, 67 | 111968 830
2026-08-30T02:44:33Z 96, 2392, [N/A], 54.49, 71 | 112004 830
2026-08-30T02:44:39Z 96, 2398, [N/A], 54.86, 68 | 111992 830
2026-08-30T02:44:44Z 96, 2392, [N/A], 53.59, 69 | 111975 830
2026-08-30T02:44:49Z 96, 2392, [N/A], 55.42, 72 | 111987 830
2026-08-30T02:44:54Z 96, 2392, [N/A], 52.96, 70 | 111985 830
2026-08-30T02:44:59Z 96, 2392, [N/A], 55.10, 69 | 111978 830
2026-08-30T02:45:04Z 96, 2398, [N/A], 55.03, 73 | 111988 830
2026-08-30T02:45:09Z 96, 2392, [N/A], 45.12, 69 | 111986 830
2026-08-30T02:45:14Z 96, 2398, [N/A], 46.70, 67 | 111988 830
2026-08-30T02:45:19Z 96, 2398, [N/A], 35.08, 66 | 111991 830
2026-08-30T02:45:24Z 96, 2398, [N/A], 34.90, 65 | 111986 830
2026-08-30T02:45:29Z 96, 2392, [N/A], 51.25, 66 | 111995 830
2026-08-30T02:45:34Z 96, 2392, [N/A], 53.35, 69 | 112000 830
2026-08-30T02:45:40Z 96, 2392, [N/A], 53.15, 71 | 111982 830
2026-08-30T02:45:45Z 96, 2392, [N/A], 55.02, 70 | 111969 830
2026-08-30T02:45:50Z 96, 2392, [N/A], 53.77, 69 | 111976 830
2026-08-30T02:45:55Z 96, 2392, [N/A], 55.25, 69 | 111983 830
2026-08-30T02:46:00Z 96, 2392, [N/A], 53.20, 69 | 112000 830
2026-08-30T02:46:05Z 96, 2392, [N/A], 44.79, 68 | 112002 830
2026-08-30T02:46:10Z 96, 2392, [N/A], 57.05, 71 | 111994 830
2026-08-30T02:46:15Z 96, 2398, [N/A], 49.41, 68 | 111972 830
2026-08-30T02:46:20Z 96, 2392, [N/A], 55.15, 69 | 111995 830
2026-08-30T02:46:25Z 96, 2392, [N/A], 53.68, 68 | 111990 830
2026-08-30T02:46:30Z 96, 2392, [N/A], 54.22, 68 | 112004 830
2026-08-30T02:46:36Z 96, 2392, [N/A], 52.33, 68 | 112097 830
2026-08-30T02:46:41Z 96, 2398, [N/A], 52.70, 70 | 112148 830
2026-08-30T02:46:46Z 96, 2398, [N/A], 35.31, 67 | 112135 830
2026-08-30T02:46:51Z 96, 2398, [N/A], 35.12, 66 | 112126 830
2026-08-30T02:46:56Z 96, 2398, [N/A], 28.90, 64 | 112089 830
2026-08-30T02:47:01Z 96, 2392, [N/A], 56.43, 67 | 112070 830
2026-08-30T02:47:06Z 96, 2392, [N/A], 54.24, 67 | 112052 830
2026-08-30T02:47:11Z 96, 2398, [N/A], 28.60, 65 | 112061 830
2026-08-30T02:47:16Z 96, 2398, [N/A], 28.52, 64 | 112081 830
2026-08-30T02:47:21Z 96, 2392, [N/A], 56.04, 70 | 112104 830
2026-08-30T02:47:27Z 96, 2398, [N/A], 49.28, 68 | 112056 830
2026-08-30T02:47:32Z 96, 2398, [N/A], 28.77, 65 | 112041 830
2026-08-30T02:47:37Z 96, 2398, [N/A], 28.67, 64 | 112034 830
2026-08-30T02:47:42Z 96, 2398, [N/A], 55.42, 68 | 112014 830
2026-08-30T02:47:47Z 96, 2398, [N/A], 47.07, 68 | 112010 830
2026-08-30T02:47:52Z 96, 2398, [N/A], 28.64, 64 | 112000 830
2026-08-30T02:47:57Z 96, 2392, [N/A], 53.46, 68 | 112011 830
2026-08-30T02:48:02Z 96, 2392, [N/A], 55.48, 69 | 112012 830
2026-08-30T02:48:07Z 96, 2379, [N/A], 74.44, 73 | 112003 830
2026-08-30T02:48:12Z 96, 2398, [N/A], 28.64, 64 | 111996 830
2026-08-30T02:48:18Z 96, 2392, [N/A], 55.95, 65 | 111994 830
2026-08-30T02:48:23Z 96, 2392, [N/A], 54.65, 66 | 111977 830
2026-08-30T02:48:28Z 95, 2385, [N/A], 72.90, 72 | 111981 830
2026-08-30T02:48:33Z 96, 2398, [N/A], 28.58, 63 | 111975 830
2026-08-30T02:48:38Z 96, 2392, [N/A], 56.49, 66 | 111984 830
2026-08-30T02:48:43Z 96, 2392, [N/A], 53.47, 68 | 111972 830
2026-08-30T02:48:48Z 96, 2385, [N/A], 74.75, 71 | 111973 830
2026-08-30T02:48:53Z 96, 2398, [N/A], 28.58, 63 | 112005 830
2026-08-30T02:48:58Z 0, 2411, [N/A], 17.95, 60 | 111996 830
2026-08-30T02:49:03Z 96, 2392, [N/A], 52.74, 70 | 111996 830
2026-08-30T02:49:08Z 96, 2398, [N/A], 46.76, 66 | 111995 830
2026-08-30T02:49:13Z 96, 2392, [N/A], 56.03, 66 | 111983 830
2026-08-30T02:49:19Z 96, 2398, [N/A], 48.80, 66 | 111998 830
2026-08-30T02:49:24Z 96, 2398, [N/A], 29.42, 64 | 112009 830
2026-08-30T02:49:29Z 96, 2398, [N/A], 29.27, 63 | 112011 830
2026-08-30T02:49:34Z 96, 2392, [N/A], 54.48, 69 | 112004 830
2026-08-30T02:49:39Z 96, 2392, [N/A], 55.58, 69 | 112013 830
2026-08-30T02:49:44Z 96, 2392, [N/A], 56.92, 69 | 112001 830
2026-08-30T02:49:49Z 96, 2392, [N/A], 53.14, 68 | 112005 830
2026-08-30T02:49:54Z 95, 2392, [N/A], 66.23, 69 | 112014 830
2026-08-30T02:49:59Z 96, 2398, [N/A], 29.41, 65 | 112029 830
2026-08-30T02:50:04Z 96, 2398, [N/A], 29.17, 63 | 112007 830
2026-08-30T02:50:09Z 96, 2392, [N/A], 54.27, 67 | 112009 830
2026-08-30T02:50:14Z 96, 2392, [N/A], 50.93, 67 | 112010 830
2026-08-30T02:50:20Z 96, 2392, [N/A], 56.08, 69 | 111985 830
2026-08-30T02:50:25Z 96, 2392, [N/A], 54.22, 71 | 111994 830
2026-08-30T02:50:30Z 96, 2385, [N/A], 55.70, 69 | 112007 830
2026-08-30T02:50:35Z 96, 2398, [N/A], 29.32, 64 | 111989 830
2026-08-30T02:50:40Z 96, 2392, [N/A], 54.35, 68 | 111986 830
2026-08-30T02:50:45Z 96, 2392, [N/A], 54.51, 66 | 111981 830
2026-08-30T02:50:50Z 96, 2398, [N/A], 57.16, 69 | 111974 830
2026-08-30T02:50:55Z 96, 2392, [N/A], 54.34, 67 | 111987 830
2026-08-30T02:51:00Z 96, 2392, [N/A], 45.93, 67 | 112008 830
2026-08-30T02:51:05Z 96, 2385, [N/A], 57.19, 69 | 111976 830
2026-08-30T02:51:10Z 96, 2398, [N/A], 29.42, 64 | 111999 830
2026-08-30T02:51:15Z 96, 2392, [N/A], 55.90, 66 | 111987 830
2026-08-30T02:51:21Z 96, 2392, [N/A], 54.34, 67 | 111980 830
2026-08-30T02:51:26Z 96, 2392, [N/A], 55.72, 68 | 112012 830
2026-08-30T02:51:31Z 96, 2392, [N/A], 56.37, 67 | 112004 830
2026-08-30T02:51:36Z 96, 2379, [N/A], 73.00, 73 | 112000 830
2026-08-30T02:51:41Z 96, 2398, [N/A], 29.42, 64 | 112005 830
2026-08-30T02:51:46Z 96, 2392, [N/A], 53.60, 67 | 112003 830
2026-08-30T02:51:51Z 96, 2392, [N/A], 54.78, 68 | 112002 830
2026-08-30T02:51:56Z 96, 2392, [N/A], 57.77, 70 | 112007 830
2026-08-30T02:52:01Z 96, 2392, [N/A], 56.86, 68 | 112011 830
2026-08-30T02:52:06Z 96, 2392, [N/A], 47.24, 68 | 112014 830
2026-08-30T02:52:11Z 96, 2385, [N/A], 72.02, 72 | 111999 830
2026-08-30T02:52:17Z 96, 2398, [N/A], 29.48, 64 | 112012 830
2026-08-30T02:52:22Z 96, 2405, [N/A], 28.82, 66 | 112019 830
2026-08-30T02:52:27Z 96, 2392, [N/A], 54.77, 65 | 112010 830
2026-08-30T02:52:32Z 96, 2398, [N/A], 47.35, 67 | 112007 830
2026-08-30T02:52:37Z 96, 2398, [N/A], 54.56, 68 | 112006 830
2026-08-30T02:52:42Z 96, 2398, [N/A], 47.42, 67 | 112026 830
2026-08-30T02:52:47Z 96, 2398, [N/A], 54.31, 68 | 112007 830
2026-08-30T02:52:52Z 96, 2392, [N/A], 54.94, 69 | 112002 830
2026-08-30T02:52:57Z 96, 2398, [N/A], 53.87, 69 | 111983 830
2026-08-30T02:53:02Z 96, 2392, [N/A], 56.77, 69 | 111964 830
2026-08-30T02:53:07Z 96, 2392, [N/A], 57.75, 68 | 111985 830
2026-08-30T02:53:12Z 96, 2392, [N/A], 54.43, 71 | 111984 830
2026-08-30T02:53:18Z 96, 2392, [N/A], 51.50, 67 | 111978 830
2026-08-30T02:53:23Z 96, 2379, [N/A], 72.23, 72 | 111974 830
2026-08-30T02:53:28Z 96, 2398, [N/A], 30.96, 65 | 111985 830
2026-08-30T02:53:33Z 96, 2392, [N/A], 53.09, 68 | 112016 830
2026-08-30T02:53:38Z 96, 2392, [N/A], 56.56, 68 | 112007 830
2026-08-30T02:53:43Z 96, 2398, [N/A], 58.36, 73 | 112000 830
2026-08-30T02:53:48Z 96, 2392, [N/A], 57.56, 70 | 111974 830
2026-08-30T02:53:53Z 96, 2392, [N/A], 47.95, 67 | 111972 830
2026-08-30T02:53:58Z 96, 2392, [N/A], 55.36, 70 | 111979 830
2026-08-30T02:54:03Z 96, 2398, [N/A], 56.57, 70 | 111971 830
2026-08-30T02:54:08Z 96, 2398, [N/A], 57.13, 69 | 111998 830
2026-08-30T02:54:14Z 96, 2392, [N/A], 54.45, 69 | 112015 830
2026-08-30T02:54:19Z 96, 2385, [N/A], 59.90, 71 | 112015 830
2026-08-30T02:54:24Z 96, 2398, [N/A], 55.43, 69 | 112000 830
2026-08-30T02:54:29Z 96, 2392, [N/A], 50.03, 69 | 112007 830
2026-08-30T02:54:34Z 96, 2392, [N/A], 57.02, 72 | 111984 830
2026-08-30T02:54:39Z 96, 2392, [N/A], 63.86, 71 | 111981 830
2026-08-30T02:54:44Z 96, 2398, [N/A], 31.29, 66 | 112004 830
2026-08-30T02:54:49Z 96, 2398, [N/A], 31.11, 65 | 112001 830
2026-08-30T02:54:54Z 96, 2392, [N/A], 56.64, 72 | 111991 830
2026-08-30T02:54:59Z 96, 2392, [N/A], 54.40, 69 | 111985 830
2026-08-30T02:55:04Z 96, 2392, [N/A], 56.74, 69 | 112005 830
2026-08-30T02:55:10Z 96, 2392, [N/A], 56.06, 69 | 112013 830
2026-08-30T02:55:15Z 96, 2398, [N/A], 56.37, 71 | 112004 830
2026-08-30T02:55:20Z 96, 2398, [N/A], 54.50, 68 | 111992 830
2026-08-30T02:55:25Z 96, 2392, [N/A], 44.92, 68 | 111991 830
2026-08-30T02:55:30Z 96, 2392, [N/A], 54.53, 70 | 112008 830
2026-08-30T02:55:35Z 96, 2392, [N/A], 54.74, 68 | 112020 830
2026-08-30T02:55:40Z 96, 2398, [N/A], 58.15, 68 | 112037 830
2026-08-30T02:55:45Z 96, 2392, [N/A], 54.09, 70 | 112042 830
2026-08-30T02:55:50Z 96, 2385, [N/A], 69.99, 71 | 112004 830
2026-08-30T02:55:55Z 96, 2398, [N/A], 31.14, 66 | 112007 830
2026-08-30T02:56:00Z 96, 2398, [N/A], 30.58, 65 | 112005 830
2026-08-30T02:56:06Z 96, 2398, [N/A], 56.00, 67 | 111989 830
2026-08-30T02:56:11Z 96, 2392, [N/A], 56.24, 69 | 111978 830
2026-08-30T02:56:16Z 96, 2398, [N/A], 57.93, 67 | 111992 830
2026-08-30T02:56:21Z 96, 2392, [N/A], 54.37, 70 | 111978 830
2026-08-30T02:56:26Z 96, 2398, [N/A], 55.17, 70 | 111991 830
2026-08-30T02:56:31Z 96, 2392, [N/A], 56.85, 69 | 111977 830
2026-08-30T02:56:36Z 96, 2398, [N/A], 47.81, 68 | 111985 830
2026-08-30T02:56:41Z 96, 2398, [N/A], 54.86, 70 | 112008 830
2026-08-30T02:56:46Z 96, 2392, [N/A], 55.32, 69 | 112004 830
2026-08-30T02:56:51Z 96, 2392, [N/A], 58.14, 72 | 112021 830
2026-08-30T02:56:56Z 96, 2392, [N/A], 54.61, 70 | 111995 830
2026-08-30T02:57:02Z 96, 2398, [N/A], 62.10, 69 | 112010 830
2026-08-30T02:57:07Z 96, 2392, [N/A], 57.17, 70 | 112003 830
2026-08-30T02:57:12Z 96, 2392, [N/A], 68.75, 73 | 112012 830
2026-08-30T02:57:17Z 96, 2398, [N/A], 31.14, 65 | 112017 830
2026-08-30T02:57:22Z 96, 2392, [N/A], 40.14, 68 | 112001 830
2026-08-30T02:57:27Z 96, 2392, [N/A], 55.98, 69 | 111995 830
2026-08-30T02:57:32Z 96, 2398, [N/A], 49.54, 70 | 112004 830
2026-08-30T02:57:37Z 96, 2392, [N/A], 55.38, 67 | 112021 830
2026-08-30T02:57:42Z 96, 2392, [N/A], 47.69, 69 | 112003 830
2026-08-30T02:57:47Z 96, 2398, [N/A], 55.13, 71 | 112011 830
2026-08-30T02:57:52Z 96, 2392, [N/A], 55.42, 68 | 112012 830
2026-08-30T02:57:57Z 96, 2398, [N/A], 54.82, 68 | 112037 830
2026-08-30T02:58:02Z 96, 2392, [N/A], 57.12, 73 | 112030 830
2026-08-30T02:58:07Z 96, 2398, [N/A], 57.66, 69 | 112037 830
2026-08-30T02:58:13Z 96, 2392, [N/A], 55.82, 71 | 111987 830
2026-08-30T02:58:18Z 96, 2392, [N/A], 52.45, 70 | 112011 830
2026-08-30T02:58:23Z 96, 2392, [N/A], 72.11, 72 | 111990 830
2026-08-30T02:58:28Z 96, 2398, [N/A], 31.05, 65 | 111979 830
2026-08-30T02:58:33Z 96, 2398, [N/A], 32.81, 65 | 111978 830
2026-08-30T02:58:38Z 96, 2392, [N/A], 54.83, 68 | 111986 830
2026-08-30T02:58:43Z 96, 2398, [N/A], 47.71, 68 | 111986 830
2026-08-30T02:58:48Z 96, 2392, [N/A], 55.27, 69 | 111980 830
2026-08-30T02:58:53Z 96, 2392, [N/A], 56.60, 69 | 111973 830
2026-08-30T02:58:58Z 96, 2392, [N/A], 57.70, 71 | 111996 830
2026-08-30T02:59:03Z 96, 2392, [N/A], 54.20, 69 | 112001 830
2026-08-30T02:59:09Z 96, 2398, [N/A], 54.61, 68 | 111999 830
2026-08-30T02:59:14Z 96, 2392, [N/A], 56.28, 73 | 111991 830
2026-08-30T02:59:19Z 96, 2392, [N/A], 46.02, 68 | 111987 830
2026-08-30T02:59:24Z 96, 2392, [N/A], 55.94, 70 | 111980 830
2026-08-30T02:59:29Z 96, 2392, [N/A], 55.12, 68 | 111971 830
2026-08-30T02:59:34Z 96, 2398, [N/A], 56.85, 69 | 111980 830
2026-08-30T02:59:39Z 96, 2398, [N/A], 55.26, 70 | 111986 830
2026-08-30T02:59:44Z 96, 2398, [N/A], 40.08, 67 | 112001 830
2026-08-30T02:59:49Z 96, 2398, [N/A], 31.05, 65 | 111998 830
2026-08-30T02:59:54Z 0, 2411, [N/A], 20.71, 61 | 111985 830
2026-08-30T02:59:59Z 96, 2392, [N/A], 54.30, 68 | 111988 830
2026-08-30T03:00:05Z 96, 2398, [N/A], 47.29, 67 | 111991 830
2026-08-30T03:00:10Z 96, 2392, [N/A], 56.26, 72 | 111997 830
2026-08-30T03:00:15Z 96, 2392, [N/A], 49.09, 68 | 112002 830
2026-08-30T03:00:20Z 96, 2398, [N/A], 57.03, 68 | 112010 830
2026-08-30T03:00:25Z 96, 2392, [N/A], 53.36, 70 | 112015 830
2026-08-30T03:00:30Z 96, 2392, [N/A], 57.12, 69 | 111999 830
2026-08-30T03:00:35Z 96, 2392, [N/A], 54.85, 69 | 112015 830
2026-08-30T03:00:40Z 96, 2392, [N/A], 48.12, 72 | 112007 830
2026-08-30T03:00:45Z 96, 2392, [N/A], 56.83, 70 | 112004 830
2026-08-30T03:00:50Z 96, 2392, [N/A], 55.68, 69 | 112030 830
2026-08-30T03:00:55Z 96, 2398, [N/A], 56.75, 69 | 112000 830
2026-08-30T03:01:00Z 96, 2392, [N/A], 56.69, 72 | 112008 830
2026-08-30T03:01:06Z 96, 2398, [N/A], 57.54, 71 | 111989 830
2026-08-30T03:01:11Z 96, 2392, [N/A], 58.40, 70 | 111975 830
2026-08-30T03:01:16Z 96, 2392, [N/A], 58.52, 72 | 111974 830
2026-08-30T03:01:21Z 96, 2392, [N/A], 57.70, 68 | 111969 830
2026-08-30T03:01:26Z 96, 2392, [N/A], 48.59, 69 | 111974 830
2026-08-30T03:01:31Z 96, 2392, [N/A], 57.61, 70 | 111986 830
2026-08-30T03:01:36Z 96, 2392, [N/A], 56.91, 71 | 111968 830
2026-08-30T03:01:41Z 96, 2392, [N/A], 57.21, 70 | 111998 830
2026-08-30T03:01:46Z 96, 2392, [N/A], 57.53, 71 | 111999 830
2026-08-30T03:01:51Z 96, 2392, [N/A], 55.84, 72 | 112003 830
2026-08-30T03:01:56Z 96, 2392, [N/A], 56.10, 72 | 112000 830
2026-08-30T03:02:02Z 96, 2398, [N/A], 35.71, 67 | 112002 830
2026-08-30T03:02:07Z 96, 2398, [N/A], 35.49, 66 | 112015 830
2026-08-30T03:02:12Z 96, 2398, [N/A], 35.46, 65 | 112002 830
2026-08-30T03:02:17Z 96, 2392, [N/A], 57.20, 68 | 112001 830
2026-08-30T03:02:22Z 96, 2392, [N/A], 54.55, 68 | 112008 830
2026-08-30T03:02:27Z 96, 2392, [N/A], 55.15, 70 | 111985 830
2026-08-30T03:02:32Z 96, 2392, [N/A], 56.72, 69 | 111981 830
2026-08-30T03:02:37Z 96, 2398, [N/A], 55.90, 67 | 111994 830
2026-08-30T03:02:42Z 96, 2392, [N/A], 55.00, 71 | 112022 830
2026-08-30T03:02:47Z 96, 2392, [N/A], 48.13, 69 | 112019 830
2026-08-30T03:02:52Z 96, 2398, [N/A], 57.71, 69 | 112000 830
2026-08-30T03:02:58Z 96, 2398, [N/A], 51.72, 69 | 112011 830
2026-08-30T03:03:03Z 96, 2398, [N/A], 56.54, 70 | 112004 830
2026-08-30T03:03:08Z 96, 2392, [N/A], 54.18, 70 | 112037 830
2026-08-30T03:03:13Z 96, 2398, [N/A], 59.66, 70 | 112007 830
2026-08-30T03:03:18Z 96, 2398, [N/A], 55.27, 68 | 112007 830
2026-08-30T03:03:23Z 96, 2392, [N/A], 48.43, 70 | 111995 830
2026-08-30T03:03:28Z 96, 2398, [N/A], 58.62, 72 | 112003 830
2026-08-30T03:03:33Z 96, 2398, [N/A], 53.93, 69 | 111995 830
2026-08-30T03:03:38Z 96, 2398, [N/A], 57.89, 70 | 112015 830
2026-08-30T03:03:43Z 96, 2398, [N/A], 55.15, 69 | 112016 830
2026-08-30T03:03:48Z 96, 2398, [N/A], 60.80, 72 | 112019 830
2026-08-30T03:03:54Z 96, 2398, [N/A], 56.44, 70 | 112005 830
2026-08-30T03:03:59Z 96, 2398, [N/A], 49.49, 69 | 111991 830
2026-08-30T03:04:04Z 96, 2392, [N/A], 58.12, 70 | 111978 830
2026-08-30T03:04:09Z 96, 2398, [N/A], 54.02, 68 | 112005 830
2026-08-30T03:04:14Z 96, 2398, [N/A], 54.76, 69 | 111995 830
2026-08-30T03:04:19Z 96, 2398, [N/A], 55.25, 69 | 111997 830
2026-08-30T03:04:24Z 96, 2392, [N/A], 45.09, 69 | 112023 830
2026-08-30T03:04:29Z 96, 2392, [N/A], 56.77, 70 | 112023 830
2026-08-30T03:04:34Z 96, 2392, [N/A], 63.00, 74 | 111997 830
2026-08-30T03:04:39Z 96, 2398, [N/A], 35.74, 67 | 112024 830
2026-08-30T03:04:44Z 96, 2398, [N/A], 35.49, 66 | 111997 830
2026-08-30T03:04:49Z 96, 2398, [N/A], 55.83, 68 | 111995 830
2026-08-30T03:04:54Z 96, 2392, [N/A], 55.11, 72 | 112003 830
2026-08-30T03:04:59Z 96, 2392, [N/A], 60.18, 69 | 112015 830
2026-08-30T03:05:04Z 96, 2392, [N/A], 55.35, 69 | 112006 830
2026-08-30T03:05:09Z 96, 2398, [N/A], 47.53, 69 | 112008 830
2026-08-30T03:05:15Z 96, 2392, [N/A], 55.71, 69 | 112000 830
2026-08-30T03:05:20Z 96, 2392, [N/A], 55.11, 70 | 112033 830
2026-08-30T03:05:25Z 96, 2392, [N/A], 54.74, 70 | 112005 830
2026-08-30T03:05:30Z 96, 2392, [N/A], 57.14, 70 | 112004 830
2026-08-30T03:05:35Z 96, 2392, [N/A], 61.88, 70 | 111994 830
2026-08-30T03:05:40Z 96, 2392, [N/A], 56.19, 70 | 111991 830
2026-08-30T03:05:45Z 96, 2392, [N/A], 48.59, 69 | 112006 830
2026-08-30T03:05:50Z 96, 2392, [N/A], 55.47, 73 | 112011 830
2026-08-30T03:05:55Z 96, 2398, [N/A], 54.54, 69 | 112009 830
2026-08-30T03:06:00Z 96, 2398, [N/A], 55.46, 70 | 112015 830
2026-08-30T03:06:05Z 96, 2398, [N/A], 54.48, 70 | 112003 830
2026-08-30T03:06:11Z 96, 2398, [N/A], 55.47, 70 | 111987 830
2026-08-30T03:06:16Z 96, 2398, [N/A], 56.02, 74 | 112001 830
2026-08-30T03:06:21Z 96, 2392, [N/A], 52.27, 69 | 111996 830
2026-08-30T03:06:26Z 96, 2398, [N/A], 54.70, 70 | 112044 830
2026-08-30T03:06:31Z 96, 2392, [N/A], 50.98, 70 | 111996 830
2026-08-30T03:06:36Z 96, 2398, [N/A], 54.91, 71 | 112030 830
2026-08-30T03:06:41Z 96, 2392, [N/A], 55.19, 73 | 112024 830
2026-08-30T03:06:46Z 96, 2398, [N/A], 56.45, 70 | 112018 830
2026-08-30T03:06:51Z 96, 2392, [N/A], 56.21, 71 | 112030 830
2026-08-30T03:06:56Z 96, 2398, [N/A], 35.78, 67 | 112008 830
2026-08-30T03:07:01Z 96, 2398, [N/A], 35.48, 66 | 112038 830
2026-08-30T03:07:06Z 96, 2398, [N/A], 30.53, 65 | 112012 830
2026-08-30T03:07:11Z 96, 2392, [N/A], 56.62, 69 | 112024 830
2026-08-30T03:07:16Z 96, 2398, [N/A], 47.46, 69 | 112023 830
2026-08-30T03:07:22Z 96, 2392, [N/A], 58.63, 72 | 112029 830
2026-08-30T03:07:27Z 96, 2392, [N/A], 55.12, 72 | 112026 830
2026-08-30T03:07:32Z 96, 2398, [N/A], 57.26, 70 | 112023 830
2026-08-30T03:07:37Z 96, 2392, [N/A], 57.19, 71 | 112003 830
2026-08-30T03:07:42Z 96, 2398, [N/A], 62.27, 70 | 112006 830
2026-08-30T03:07:47Z 96, 2398, [N/A], 55.02, 71 | 112000 830
2026-08-30T03:07:52Z 96, 2392, [N/A], 48.73, 72 | 112033 830
2026-08-30T03:07:57Z 96, 2392, [N/A], 55.88, 71 | 112026 830
2026-08-30T03:08:02Z 96, 2392, [N/A], 58.42, 72 | 112028 830
2026-08-30T03:08:07Z 96, 2398, [N/A], 55.20, 69 | 112019 830
2026-08-30T03:08:13Z 96, 2398, [N/A], 57.69, 71 | 112012 830
2026-08-30T03:08:18Z 96, 2392, [N/A], 59.28, 70 | 112013 830
2026-08-30T03:08:23Z 96, 2398, [N/A], 55.72, 74 | 112011 830
2026-08-30T03:08:28Z 96, 2392, [N/A], 51.28, 70 | 112018 830
2026-08-30T03:08:33Z 96, 2398, [N/A], 55.91, 72 | 112019 830
2026-08-30T03:08:38Z 96, 2392, [N/A], 58.08, 70 | 111991 830
2026-08-30T03:08:43Z 96, 2398, [N/A], 54.90, 70 | 112018 830
2026-08-30T03:08:48Z 96, 2398, [N/A], 55.18, 71 | 112040 830
2026-08-30T03:08:53Z 96, 2392, [N/A], 46.58, 70 | 112040 830
2026-08-30T03:08:58Z 96, 2398, [N/A], 55.30, 70 | 112030 830
2026-08-30T03:09:03Z 96, 2392, [N/A], 56.07, 71 | 112053 830
2026-08-30T03:09:09Z 96, 2398, [N/A], 58.74, 69 | 112046 830
2026-08-30T03:09:14Z 96, 2392, [N/A], 56.34, 71 | 112030 830
2026-08-30T03:09:19Z 96, 2385, [N/A], 61.83, 72 | 112022 830
2026-08-30T03:09:24Z 96, 2392, [N/A], 57.02, 69 | 112030 830
2026-08-30T03:09:29Z 96, 2392, [N/A], 68.07, 74 | 112025 830
2026-08-30T03:09:34Z 96, 2398, [N/A], 35.81, 67 | 112021 830
2026-08-30T03:09:39Z 96, 2398, [N/A], 35.51, 67 | 111991 830
2026-08-30T03:09:44Z 96, 2398, [N/A], 57.90, 68 | 111997 830
2026-08-30T03:09:49Z 96, 2392, [N/A], 53.66, 71 | 112008 830
2026-08-30T03:09:54Z 96, 2398, [N/A], 58.06, 70 | 111997 830
2026-08-30T03:09:59Z 96, 2398, [N/A], 56.23, 70 | 111988 830
2026-08-30T03:10:05Z 96, 2398, [N/A], 59.18, 71 | 111984 830
2026-08-30T03:10:10Z 96, 2392, [N/A], 58.61, 73 | 112011 830
2026-08-30T03:10:15Z 96, 2392, [N/A], 49.53, 69 | 111998 830
2026-08-30T03:10:20Z 96, 2398, [N/A], 57.86, 71 | 111990 830
2026-08-30T03:10:25Z 96, 2392, [N/A], 54.46, 68 | 112014 830
2026-08-30T03:10:30Z 96, 2398, [N/A], 55.69, 70 | 112010 830
2026-08-30T03:10:35Z 96, 2398, [N/A], 57.79, 70 | 111999 830
2026-08-30T03:10:40Z 96, 2392, [N/A], 48.19, 69 | 111999 830
2026-08-30T03:10:45Z 96, 2398, [N/A], 56.33, 72 | 111991 830
2026-08-30T03:10:50Z 96, 2392, [N/A], 50.40, 70 | 112024 830
2026-08-30T03:10:56Z 96, 2398, [N/A], 56.56, 71 | 112040 830
2026-08-30T03:11:01Z 96, 2392, [N/A], 55.20, 72 | 112033 830
2026-08-30T03:11:06Z 96, 2398, [N/A], 55.03, 69 | 112031 830
2026-08-30T03:11:11Z 96, 2392, [N/A], 55.22, 74 | 112031 830
2026-08-30T03:11:16Z 95, 2392, [N/A], 55.40, 69 | 112044 830
2026-08-30T03:11:21Z 96, 2398, [N/A], 55.21, 70 | 112031 830
2026-08-30T03:11:26Z 96, 2392, [N/A], 50.93, 71 | 112027 830
2026-08-30T03:11:31Z 96, 2398, [N/A], 55.81, 69 | 112021 830
2026-08-30T04:51:51Z 96, 2398, [N/A], 66.14, 72 | 112100 827
2026-08-30T04:51:56Z 96, 2398, [N/A], 67.28, 72 | 112118 827
2026-08-30T04:52:01Z 96, 2398, [N/A], 66.01, 72 | 112132 827
2026-08-30T04:52:06Z 96, 2398, [N/A], 59.09, 71 | 112114 827
2026-08-30T04:52:11Z 96, 2398, [N/A], 59.73, 71 | 112127 827
2026-08-30T04:52:16Z 96, 2398, [N/A], 56.65, 71 | 112100 827
2026-08-30T04:52:21Z 96, 2398, [N/A], 62.89, 76 | 112118 827
2026-08-30T04:52:26Z 96, 2398, [N/A], 60.58, 76 | 112135 827
2026-08-30T04:52:32Z 96, 2392, [N/A], 49.92, 70 | 112111 827
2026-08-30T04:52:37Z 96, 2398, [N/A], 62.56, 71 | 112107 827
2026-08-30T04:52:42Z 96, 2392, [N/A], 62.02, 76 | 112102 827
2026-08-30T04:52:47Z 96, 2398, [N/A], 48.42, 70 | 112111 827
2026-08-30T04:52:52Z 96, 2398, [N/A], 66.21, 76 | 112117 827
2026-08-30T04:52:57Z 96, 2398, [N/A], 66.53, 77 | 112128 827
2026-08-30T04:53:02Z 96, 2398, [N/A], 66.00, 77 | 112127 827
2026-08-30T04:53:07Z 96, 2392, [N/A], 77.08, 73 | 112124 827
2026-08-30T04:53:12Z 96, 2398, [N/A], 69.70, 73 | 112101 827
2026-08-30T04:53:17Z 96, 2398, [N/A], 33.14, 68 | 112116 827
2026-08-30T04:53:22Z 96, 2398, [N/A], 32.24, 67 | 112096 827
2026-08-30T04:53:27Z 96, 2398, [N/A], 56.29, 69 | 112100 827
2026-08-30T04:53:32Z 96, 2392, [N/A], 56.07, 68 | 112109 827
2026-08-30T04:53:37Z 96, 2392, [N/A], 47.55, 69 | 112129 827
2026-08-30T04:53:42Z 96, 2398, [N/A], 58.68, 68 | 112129 827
2026-08-30T04:53:48Z 96, 2392, [N/A], 64.22, 70 | 112104 827
2026-08-30T04:53:53Z 96, 2398, [N/A], 63.42, 71 | 112101 827
2026-08-30T04:53:58Z 96, 2398, [N/A], 63.12, 75 | 112101 827
2026-08-30T04:54:03Z 96, 2392, [N/A], 65.17, 71 | 112104 827
2026-08-30T04:54:08Z 96, 2398, [N/A], 63.15, 75 | 112113 827
2026-08-30T04:54:13Z 96, 2398, [N/A], 67.19, 71 | 112114 827
2026-08-30T04:54:18Z 96, 2398, [N/A], 65.54, 76 | 112145 827
2026-08-30T04:54:23Z 96, 2398, [N/A], 54.25, 75 | 112130 827
2026-08-30T04:54:28Z 96, 2398, [N/A], 58.09, 71 | 112147 827
2026-08-30T04:54:33Z 96, 2398, [N/A], 58.33, 76 | 112123 827
2026-08-30T04:54:38Z 96, 2392, [N/A], 48.09, 69 | 112101 827
2026-08-30T04:54:43Z 96, 2398, [N/A], 66.04, 70 | 112106 827
2026-08-30T04:54:48Z 96, 2398, [N/A], 59.20, 72 | 112136 827
2026-08-30T04:54:53Z 96, 2398, [N/A], 63.17, 76 | 112126 827
2026-08-30T04:54:58Z 96, 2398, [N/A], 63.65, 70 | 112133 827
2026-08-30T04:55:04Z 96, 2398, [N/A], 65.57, 75 | 112121 827
2026-08-30T04:55:09Z 96, 2398, [N/A], 66.98, 76 | 112092 827
2026-08-30T04:55:14Z 96, 2398, [N/A], 66.27, 76 | 112116 827
2026-08-30T04:55:19Z 96, 2398, [N/A], 65.95, 76 | 112116 827
2026-08-30T04:55:24Z 96, 2398, [N/A], 55.33, 70 | 112097 827
2026-08-30T04:55:29Z 96, 2398, [N/A], 58.36, 70 | 112108 827
2026-08-30T04:55:34Z 96, 2398, [N/A], 57.24, 69 | 112121 827
2026-08-30T04:55:39Z 96, 2385, [N/A], 65.36, 72 | 112116 827
2026-08-30T04:55:44Z 96, 2398, [N/A], 60.77, 71 | 112121 827
2026-08-30T04:55:49Z 96, 2398, [N/A], 60.79, 71 | 112113 827
2026-08-30T04:55:54Z 96, 2398, [N/A], 67.49, 71 | 112130 827
2026-08-30T04:55:59Z 96, 2398, [N/A], 62.51, 71 | 112109 827
2026-08-30T04:56:04Z 96, 2398, [N/A], 61.32, 71 | 112131 827
2026-08-30T04:56:10Z 96, 2398, [N/A], 65.43, 71 | 112149 827
2026-08-30T04:56:15Z 96, 2398, [N/A], 66.24, 72 | 112154 827
2026-08-30T04:56:20Z 96, 2398, [N/A], 64.89, 75 | 112128 827
2026-08-30T04:56:25Z 96, 2398, [N/A], 64.98, 74 | 112095 827
2026-08-30T04:56:30Z 96, 2398, [N/A], 61.53, 76 | 112084 827
2026-08-30T04:56:35Z 96, 2398, [N/A], 60.88, 76 | 112092 827
2026-08-30T04:56:40Z 96, 2392, [N/A], 60.19, 70 | 112112 827
2026-08-30T04:56:45Z 96, 2392, [N/A], 63.03, 73 | 112096 827
2026-08-30T04:56:50Z 96, 2398, [N/A], 61.78, 76 | 112120 827
2026-08-30T04:56:55Z 96, 2398, [N/A], 65.43, 69 | 112149 827
2026-08-30T04:57:00Z 96, 2398, [N/A], 66.78, 76 | 112127 827
2026-08-30T04:57:05Z 96, 2398, [N/A], 60.34, 76 | 112141 827
2026-08-30T04:57:10Z 96, 2398, [N/A], 66.94, 72 | 112144 827
2026-08-30T04:57:15Z 96, 2398, [N/A], 64.75, 76 | 112124 827
2026-08-30T04:57:21Z 96, 2398, [N/A], 63.80, 72 | 112126 827
2026-08-30T04:57:26Z 96, 2398, [N/A], 68.67, 72 | 112107 827
2026-08-30T04:57:31Z 96, 2398, [N/A], 67.01, 72 | 112135 827
2026-08-30T04:57:36Z 96, 2398, [N/A], 64.71, 77 | 112118 827
2026-08-30T04:57:41Z 96, 2392, [N/A], 46.54, 70 | 112143 827
2026-08-30T04:57:46Z 96, 2398, [N/A], 64.41, 73 | 112136 827
2026-08-30T04:57:51Z 96, 2398, [N/A], 58.64, 75 | 112136 827
2026-08-30T04:57:56Z 96, 2385, [N/A], 67.01, 70 | 112121 827
2026-08-30T04:58:01Z 96, 2398, [N/A], 61.44, 72 | 112131 827
2026-08-30T04:58:06Z 96, 2398, [N/A], 60.65, 74 | 112100 827
2026-08-30T04:58:11Z 96, 2398, [N/A], 66.86, 74 | 112115 827
2026-08-30T04:58:16Z 96, 2398, [N/A], 63.51, 71 | 112122 827
2026-08-30T04:58:21Z 96, 2398, [N/A], 62.55, 71 | 112125 827
2026-08-30T04:58:26Z 95, 2392, [N/A], 65.62, 72 | 112131 827
2026-08-30T04:58:32Z 96, 2398, [N/A], 66.39, 74 | 112111 827
2026-08-30T04:58:37Z 96, 2398, [N/A], 66.69, 77 | 112108 827
2026-08-30T04:58:42Z 96, 2398, [N/A], 54.51, 70 | 112127 827
2026-08-30T04:58:47Z 96, 2392, [N/A], 76.87, 75 | 112135 827
2026-08-30T04:58:52Z 96, 2398, [N/A], 33.38, 68 | 112128 827
2026-08-30T04:58:57Z 96, 2398, [N/A], 32.46, 67 | 112119 827
2026-08-30T04:59:02Z 96, 2392, [N/A], 56.71, 69 | 112116 827
2026-08-30T04:59:07Z 96, 2398, [N/A], 55.58, 70 | 112132 827
2026-08-30T04:59:12Z 96, 2392, [N/A], 58.81, 75 | 112107 827
2026-08-30T04:59:17Z 96, 2398, [N/A], 59.51, 71 | 112106 827
2026-08-30T04:59:22Z 96, 2392, [N/A], 64.70, 71 | 112106 827
2026-08-30T04:59:28Z 96, 2398, [N/A], 64.64, 76 | 112096 827
2026-08-30T04:59:33Z 96, 2398, [N/A], 63.91, 75 | 112096 827
2026-08-30T04:59:38Z 96, 2392, [N/A], 63.67, 71 | 112100 827
2026-08-30T04:59:43Z 96, 2398, [N/A], 66.09, 69 | 112112 827
2026-08-30T04:59:48Z 96, 2398, [N/A], 68.14, 70 | 112098 827
2026-08-30T04:59:53Z 96, 2392, [N/A], 66.51, 71 | 112096 827
2026-08-30T04:59:58Z 96, 2398, [N/A], 62.97, 76 | 112157 827
2026-08-30T05:00:03Z 96, 2398, [N/A], 64.37, 71 | 112139 827
2026-08-30T05:00:08Z 96, 2398, [N/A], 59.64, 74 | 112131 827
2026-08-30T05:00:13Z 96, 2398, [N/A], 59.10, 73 | 112102 827
2026-08-30T05:00:18Z 96, 2398, [N/A], 65.12, 71 | 112110 827
2026-08-30T05:00:23Z 96, 2398, [N/A], 57.88, 75 | 112107 827
2026-08-30T05:00:28Z 96, 2398, [N/A], 64.20, 71 | 112088 827
2026-08-30T05:00:34Z 96, 2398, [N/A], 63.60, 76 | 112086 827
2026-08-30T05:00:39Z 96, 2398, [N/A], 65.23, 72 | 112108 827
2026-08-30T05:00:44Z 96, 2398, [N/A], 66.77, 72 | 112118 827
2026-08-30T05:00:49Z 96, 2398, [N/A], 67.35, 70 | 112109 827
2026-08-30T05:00:54Z 96, 2398, [N/A], 66.45, 71 | 112123 827
2026-08-30T05:00:59Z 96, 2392, [N/A], 48.54, 70 | 112143 827
2026-08-30T05:01:04Z 96, 2398, [N/A], 59.90, 74 | 112137 827
2026-08-30T05:01:09Z 96, 2398, [N/A], 58.89, 71 | 112132 827
2026-08-30T05:01:14Z 96, 2385, [N/A], 63.08, 70 | 112109 827
2026-08-30T05:01:19Z 96, 2398, [N/A], 59.58, 73 | 112110 827
2026-08-30T05:01:24Z 96, 2392, [N/A], 57.94, 70 | 112140 827
2026-08-30T05:01:29Z 96, 2398, [N/A], 63.11, 73 | 112132 827
2026-08-30T05:01:34Z 96, 2398, [N/A], 66.28, 73 | 112111 827
2026-08-30T05:01:39Z 96, 2398, [N/A], 61.77, 72 | 112128 827
2026-08-30T05:01:45Z 96, 2398, [N/A], 67.09, 77 | 112131 827
2026-08-30T05:01:50Z 96, 2405, [N/A], 66.57, 77 | 112118 827
2026-08-30T05:01:55Z 96, 2398, [N/A], 65.82, 77 | 112105 827
2026-08-30T05:02:00Z 96, 2392, [N/A], 46.65, 70 | 112106 827
2026-08-30T05:02:05Z 96, 2398, [N/A], 56.49, 72 | 112119 827
2026-08-30T05:02:10Z 96, 2398, [N/A], 56.93, 76 | 112120 827
2026-08-30T05:02:15Z 96, 2398, [N/A], 60.05, 76 | 112108 827
2026-08-30T05:02:20Z 96, 2398, [N/A], 61.38, 76 | 112117 827
2026-08-30T05:02:25Z 96, 2398, [N/A], 60.11, 72 | 112108 827
2026-08-30T05:02:30Z 96, 2398, [N/A], 63.20, 71 | 112120 827
2026-08-30T05:02:35Z 96, 2398, [N/A], 62.13, 70 | 112097 827
2026-08-30T05:02:40Z 96, 2392, [N/A], 63.23, 75 | 112137 827
2026-08-30T05:02:46Z 96, 2392, [N/A], 66.00, 74 | 112123 827
2026-08-30T05:02:51Z 96, 2398, [N/A], 66.41, 74 | 112139 827
2026-08-30T05:02:56Z 96, 2398, [N/A], 66.11, 70 | 112118 827
2026-08-30T05:03:01Z 96, 2392, [N/A], 48.70, 70 | 112121 827
2026-08-30T05:03:06Z 96, 2398, [N/A], 63.22, 70 | 112131 827
2026-08-30T05:03:11Z 96, 2398, [N/A], 57.26, 71 | 112119 827
2026-08-30T05:03:16Z 96, 2392, [N/A], 62.14, 71 | 112097 827
2026-08-30T05:03:21Z 96, 2398, [N/A], 61.21, 73 | 112146 827
2026-08-30T05:03:26Z 96, 2398, [N/A], 60.45, 71 | 112133 827
2026-08-30T05:03:31Z 96, 2398, [N/A], 60.41, 76 | 112150 827
2026-08-30T05:03:37Z 96, 2398, [N/A], 66.50, 71 | 112137 827
2026-08-30T05:03:42Z 96, 2398, [N/A], 62.85, 74 | 112112 827
2026-08-30T05:03:47Z 96, 2385, [N/A], 66.22, 73 | 112120 827
2026-08-30T05:03:52Z 96, 2398, [N/A], 67.01, 71 | 112158 827
2026-08-30T05:03:57Z 96, 2398, [N/A], 66.27, 70 | 112137 827
2026-08-30T05:04:02Z 96, 2398, [N/A], 60.37, 72 | 112139 827
2026-08-30T05:04:07Z 96, 2398, [N/A], 67.90, 71 | 112120 827
2026-08-30T05:04:12Z 96, 2392, [N/A], 73.60, 72 | 112091 827
2026-08-30T05:04:17Z 96, 2398, [N/A], 33.07, 67 | 112100 827
2026-08-30T05:04:22Z 96, 2398, [N/A], 29.59, 65 | 112108 827
2026-08-30T05:04:27Z 96, 2392, [N/A], 55.89, 71 | 112114 827
2026-08-30T05:04:32Z 96, 2392, [N/A], 56.25, 70 | 112118 827
2026-08-30T05:04:37Z 96, 2398, [N/A], 63.46, 71 | 112123 827
2026-08-30T05:04:42Z 96, 2398, [N/A], 58.85, 70 | 112095 827
2026-08-30T05:04:47Z 96, 2398, [N/A], 52.88, 70 | 112120 827
2026-08-30T05:04:53Z 96, 2392, [N/A], 63.98, 75 | 112130 827
2026-08-30T05:04:58Z 96, 2398, [N/A], 64.49, 71 | 112137 827
2026-08-30T05:05:03Z 96, 2392, [N/A], 52.12, 69 | 112154 827
2026-08-30T05:05:08Z 96, 2392, [N/A], 66.31, 70 | 112148 827
2026-08-30T05:05:13Z 96, 2398, [N/A], 67.17, 74 | 112152 827
2026-08-30T05:05:18Z 96, 2398, [N/A], 66.17, 71 | 112132 827
2026-08-30T05:05:23Z 96, 2398, [N/A], 59.46, 73 | 112123 827
2026-08-30T05:05:28Z 96, 2392, [N/A], 63.88, 69 | 112119 827
2026-08-30T05:05:33Z 96, 2398, [N/A], 55.90, 72 | 112144 827
2026-08-30T05:05:38Z 96, 2398, [N/A], 60.13, 75 | 112133 827
2026-08-30T05:05:43Z 96, 2392, [N/A], 58.92, 71 | 112134 827
2026-08-30T05:05:48Z 96, 2398, [N/A], 54.31, 76 | 112113 827
2026-08-30T05:05:54Z 96, 2398, [N/A], 62.62, 71 | 112098 827
2026-08-30T05:05:59Z 96, 2398, [N/A], 64.52, 75 | 112105 827
2026-08-30T05:06:04Z 96, 2392, [N/A], 49.44, 70 | 112112 827
2026-08-30T05:06:09Z 96, 2398, [N/A], 66.60, 76 | 112110 827
2026-08-30T05:06:14Z 96, 2398, [N/A], 66.20, 77 | 112105 827
2026-08-30T05:06:19Z 96, 2392, [N/A], 64.33, 71 | 112110 827
2026-08-30T05:06:24Z 96, 2398, [N/A], 59.53, 74 | 112105 827
2026-08-30T05:06:29Z 96, 2398, [N/A], 58.06, 72 | 112105 827
2026-08-30T05:06:34Z 96, 2398, [N/A], 51.86, 71 | 112115 827
2026-08-30T05:06:39Z 96, 2398, [N/A], 60.64, 73 | 112104 827
2026-08-30T05:06:44Z 96, 2398, [N/A], 60.69, 71 | 112092 827
2026-08-30T05:06:50Z 96, 2392, [N/A], 46.76, 70 | 112091 827
2026-08-30T05:06:55Z 96, 2398, [N/A], 62.45, 72 | 112091 827
2026-08-30T05:07:00Z 96, 2398, [N/A], 61.51, 75 | 112086 827
2026-08-30T05:07:05Z 96, 2405, [N/A], 68.31, 71 | 112101 827
2026-08-30T05:07:10Z 96, 2398, [N/A], 64.50, 76 | 112108 827
2026-08-30T05:07:15Z 96, 2398, [N/A], 64.72, 77 | 112106 827
2026-08-30T05:07:20Z 96, 2398, [N/A], 60.05, 71 | 112096 827
2026-08-30T05:07:25Z 96, 2398, [N/A], 64.62, 74 | 112115 827
2026-08-30T05:07:30Z 96, 2398, [N/A], 62.60, 72 | 112135 827
2026-08-30T05:07:35Z 96, 2392, [N/A], 56.11, 75 | 112123 827
2026-08-30T05:07:40Z 96, 2398, [N/A], 61.62, 73 | 112104 827
2026-08-30T05:07:45Z 96, 2398, [N/A], 60.76, 75 | 112138 827
2026-08-30T05:07:50Z 96, 2392, [N/A], 46.55, 70 | 112108 827
2026-08-30T05:07:56Z 96, 2398, [N/A], 61.22, 70 | 112115 827
2026-08-30T05:08:01Z 96, 2398, [N/A], 60.48, 69 | 112119 827
2026-08-30T05:08:06Z 96, 2398, [N/A], 69.20, 79 | 112128 827
2026-08-30T05:08:11Z 96, 2398, [N/A], 66.99, 70 | 112117 827
2026-08-30T05:08:16Z 96, 2398, [N/A], 63.37, 75 | 112115 827
2026-08-30T05:08:21Z 96, 2392, [N/A], 48.16, 70 | 112107 827
2026-08-30T05:08:26Z 96, 2398, [N/A], 64.17, 76 | 112120 827
2026-08-30T05:08:31Z 96, 2398, [N/A], 64.86, 72 | 112140 827
2026-08-30T05:08:36Z 96, 2392, [N/A], 55.02, 69 | 112126 827
2026-08-30T05:08:41Z 96, 2398, [N/A], 60.40, 76 | 112144 827
2026-08-30T05:08:46Z 96, 2398, [N/A], 59.93, 72 | 112150 827
2026-08-30T05:08:51Z 96, 2398, [N/A], 52.13, 71 | 112117 827
2026-08-30T05:08:56Z 96, 2398, [N/A], 66.12, 69 | 112121 827
2026-08-30T05:09:01Z 96, 2398, [N/A], 60.41, 75 | 112140 827
2026-08-30T05:09:07Z 96, 2385, [N/A], 70.54, 73 | 112145 827
2026-08-30T05:09:12Z 96, 2398, [N/A], 66.20, 75 | 112143 827
2026-08-30T05:09:17Z 96, 2398, [N/A], 61.78, 71 | 112122 827
2026-08-30T05:09:22Z 96, 2392, [N/A], 58.25, 76 | 112135 827
2026-08-30T05:09:27Z 96, 2398, [N/A], 66.79, 71 | 112116 827
2026-08-30T05:09:32Z 96, 2398, [N/A], 67.11, 72 | 112113 827
2026-08-30T05:09:37Z 96, 2398, [N/A], 63.60, 72 | 112113 827
2026-08-30T05:09:42Z 96, 2385, [N/A], 76.71, 75 | 112108 827
2026-08-30T05:09:47Z 96, 2398, [N/A], 61.11, 69 | 112110 827
2026-08-30T05:09:52Z 96, 2398, [N/A], 33.23, 67 | 112123 827
2026-08-30T05:09:57Z 96, 2398, [N/A], 22.04, 63 | 112105 827
2026-08-30T05:10:02Z 96, 2392, [N/A], 55.31, 70 | 112104 827
2026-08-30T05:10:07Z 96, 2392, [N/A], 55.87, 69 | 112100 827
2026-08-30T05:10:12Z 96, 2392, [N/A], 60.31, 71 | 112110 827
2026-08-30T05:10:17Z 96, 2392, [N/A], 58.90, 72 | 112100 827
2026-08-30T05:10:23Z 96, 2392, [N/A], 54.59, 69 | 112115 827
2026-08-30T05:10:28Z 96, 2398, [N/A], 64.18, 73 | 112122 827
2026-08-30T05:10:33Z 96, 2392, [N/A], 65.89, 71 | 112135 827
2026-08-30T05:10:38Z 96, 2398, [N/A], 61.44, 72 | 112145 827
2026-08-30T05:10:43Z 96, 2398, [N/A], 65.42, 76 | 112159 827
2026-08-30T05:10:48Z 96, 2398, [N/A], 65.72, 76 | 112125 827
2026-08-30T05:10:53Z 96, 2398, [N/A], 66.19, 70 | 112137 827
2026-08-30T05:10:58Z 96, 2385, [N/A], 71.23, 72 | 112146 827
2026-08-30T05:11:03Z 96, 2398, [N/A], 63.30, 75 | 112144 827
2026-08-30T05:11:08Z 96, 2398, [N/A], 59.11, 71 | 112141 827
2026-08-30T05:11:13Z 96, 2398, [N/A], 59.07, 71 | 112118 827
2026-08-30T05:11:19Z 96, 2398, [N/A], 65.13, 70 | 112136 827
2026-08-30T05:11:24Z 96, 2392, [N/A], 50.39, 74 | 112119 827
2026-08-30T05:11:29Z 96, 2398, [N/A], 62.15, 71 | 112110 827
2026-08-30T05:11:34Z 96, 2398, [N/A], 62.63, 76 | 112116 827
2026-08-30T05:11:39Z 96, 2392, [N/A], 59.43, 70 | 112113 827
2026-08-30T05:11:44Z 96, 2398, [N/A], 66.33, 72 | 112119 827
2026-08-30T05:11:49Z 96, 2398, [N/A], 66.74, 74 | 112122 827
2026-08-30T05:11:54Z 96, 2392, [N/A], 67.05, 74 | 112122 827
2026-08-30T05:11:59Z 96, 2398, [N/A], 80.57, 77 | 112127 827
2026-08-30T05:12:04Z 96, 2398, [N/A], 58.97, 71 | 112121 827
2026-08-30T05:12:09Z 96, 2392, [N/A], 60.69, 72 | 112129 827
2026-08-30T05:12:15Z 96, 2398, [N/A], 64.62, 71 | 112124 827
2026-08-30T05:12:20Z 96, 2398, [N/A], 58.75, 71 | 112125 827
2026-08-30T05:12:25Z 96, 2392, [N/A], 53.38, 69 | 112136 827
2026-08-30T05:12:30Z 96, 2398, [N/A], 62.93, 71 | 112121 827
2026-08-30T05:12:35Z 96, 2398, [N/A], 64.04, 74 | 112123 827
2026-08-30T05:12:40Z 96, 2398, [N/A], 58.69, 71 | 112135 827
2026-08-30T05:12:45Z 96, 2398, [N/A], 66.64, 76 | 112136 827
2026-08-30T05:12:50Z 96, 2392, [N/A], 66.44, 73 | 112143 827
2026-08-30T05:12:55Z 96, 2398, [N/A], 65.89, 72 | 112136 827
2026-08-30T05:13:00Z 96, 2398, [N/A], 81.45, 77 | 112117 827
2026-08-30T05:13:05Z 96, 2398, [N/A], 58.99, 71 | 112147 827
2026-08-30T05:13:10Z 96, 2398, [N/A], 57.40, 70 | 112141 827
2026-08-30T05:13:16Z 96, 2398, [N/A], 61.15, 72 | 112146 827
2026-08-30T05:13:21Z 96, 2398, [N/A], 60.96, 70 | 112119 827
2026-08-30T05:13:26Z 96, 2392, [N/A], 57.52, 70 | 112138 827
2026-08-30T05:13:31Z 96, 2392, [N/A], 66.57, 74 | 112131 827
2026-08-30T05:13:36Z 96, 2398, [N/A], 62.12, 71 | 112124 827
2026-08-30T05:13:41Z 96, 2398, [N/A], 60.94, 76 | 112112 827
2026-08-30T05:13:46Z 96, 2398, [N/A], 66.25, 76 | 112113 827
2026-08-30T05:13:51Z 96, 2398, [N/A], 66.26, 76 | 112159 827
2026-08-30T05:13:56Z 96, 2398, [N/A], 65.96, 72 | 112125 827
2026-08-30T05:14:01Z 96, 2398, [N/A], 76.85, 77 | 112136 827
2026-08-30T05:14:06Z 96, 2398, [N/A], 57.65, 70 | 112128 827
2026-08-30T05:14:11Z 96, 2398, [N/A], 62.26, 71 | 112115 827
2026-08-30T05:14:17Z 96, 2398, [N/A], 63.11, 69 | 112151 827
2026-08-30T05:14:22Z 96, 2398, [N/A], 64.23, 70 | 112133 827
2026-08-30T05:14:27Z 96, 2398, [N/A], 61.50, 72 | 112136 827
2026-08-30T05:14:32Z 96, 2392, [N/A], 62.69, 70 | 112132 827
2026-08-30T05:14:37Z 96, 2398, [N/A], 66.75, 71 | 112130 827
2026-08-30T05:14:42Z 96, 2398, [N/A], 61.15, 71 | 112138 827
2026-08-30T05:14:47Z 96, 2398, [N/A], 66.28, 73 | 112129 827
2026-08-30T05:14:52Z 96, 2398, [N/A], 66.43, 71 | 112106 827
2026-08-30T05:14:57Z 96, 2398, [N/A], 65.58, 70 | 112109 827
2026-08-30T05:15:02Z 96, 2392, [N/A], 59.64, 74 | 112144 827
2026-08-30T05:15:07Z 96, 2398, [N/A], 59.31, 73 | 112115 827
2026-08-30T05:15:12Z 96, 2398, [N/A], 58.68, 70 | 112125 827
2026-08-30T05:15:17Z 96, 2392, [N/A], 67.22, 79 | 112111 827
2026-08-30T05:15:22Z 96, 2398, [N/A], 60.10, 73 | 112133 827
2026-08-30T05:15:27Z 96, 2398, [N/A], 59.67, 70 | 112138 827
2026-08-30T05:15:32Z 96, 2392, [N/A], 62.66, 76 | 112126 827
2026-08-30T05:15:38Z 96, 2392, [N/A], 67.01, 72 | 112128 827
2026-08-30T05:15:43Z 96, 2398, [N/A], 62.40, 71 | 112149 827
2026-08-30T05:15:48Z 96, 2398, [N/A], 66.87, 69 | 112148 827
2026-08-30T05:15:53Z 96, 2392, [N/A], 66.67, 74 | 112116 827
2026-08-30T05:15:58Z 96, 2398, [N/A], 65.72, 76 | 112133 827
2026-08-30T05:16:03Z 96, 2398, [N/A], 48.80, 70 | 112140 827
2026-08-30T05:16:08Z 96, 2398, [N/A], 61.13, 72 | 112156 827
2026-08-30T05:16:13Z 96, 2398, [N/A], 60.27, 72 | 112140 827
2026-08-30T05:16:18Z 96, 2392, [N/A], 46.83, 70 | 112134 827
2026-08-30T05:16:23Z 96, 2398, [N/A], 60.17, 76 | 112122 827
2026-08-30T05:16:28Z 96, 2398, [N/A], 59.97, 72 | 112125 827
2026-08-30T05:16:33Z 96, 2398, [N/A], 69.85, 72 | 112150 827
2026-08-30T05:16:38Z 96, 2398, [N/A], 66.72, 71 | 112122 827
2026-08-30T05:16:43Z 96, 2398, [N/A], 63.20, 71 | 112107 827
2026-08-30T05:16:48Z 96, 2392, [N/A], 72.15, 76 | 112118 827
2026-08-30T05:16:54Z 96, 2398, [N/A], 64.35, 73 | 112108 827
2026-08-30T05:16:59Z 96, 2398, [N/A], 65.42, 72 | 112108 827
2026-08-30T05:17:04Z 96, 2398, [N/A], 60.03, 74 | 112145 827
2026-08-30T05:17:09Z 96, 2398, [N/A], 64.97, 71 | 112139 827
2026-08-30T05:17:14Z 96, 2398, [N/A], 62.60, 70 | 112127 827
2026-08-30T05:17:19Z 96, 2398, [N/A], 55.54, 70 | 112122 827
2026-08-30T05:17:24Z 96, 2398, [N/A], 62.94, 73 | 112109 827
2026-08-30T05:17:29Z 96, 2398, [N/A], 59.76, 70 | 112130 827
2026-08-30T05:17:34Z 96, 2392, [N/A], 47.16, 71 | 112144 827
2026-08-30T05:17:39Z 96, 2398, [N/A], 65.58, 70 | 112134 827
2026-08-30T05:17:44Z 96, 2398, [N/A], 64.03, 72 | 112123 827
2026-08-30T05:17:49Z 96, 2392, [N/A], 53.95, 71 | 112129 827
2026-08-30T05:17:54Z 96, 2398, [N/A], 65.57, 72 | 112134 827
2026-08-30T05:17:59Z 96, 2398, [N/A], 66.77, 77 | 112114 827
2026-08-30T05:18:05Z 96, 2392, [N/A], 50.70, 71 | 112114 827
2026-08-30T05:18:10Z 96, 2398, [N/A], 65.52, 76 | 112110 827
2026-08-30T05:18:15Z 96, 2398, [N/A], 63.79, 73 | 112127 827
2026-08-30T05:18:20Z 96, 2398, [N/A], 62.27, 77 | 112139 827
2026-08-30T05:18:25Z 96, 2398, [N/A], 59.50, 72 | 112103 827
2026-08-30T05:18:30Z 96, 2398, [N/A], 64.22, 72 | 112136 827
2026-08-30T05:18:35Z 96, 2398, [N/A], 50.41, 71 | 112119 827
2026-08-30T05:18:40Z 96, 2398, [N/A], 60.83, 71 | 112137 827
2026-08-30T05:18:45Z 96, 2398, [N/A], 60.58, 72 | 112123 827
2026-08-30T05:18:50Z 96, 2398, [N/A], 54.36, 72 | 112096 827
2026-08-30T05:18:55Z 96, 2398, [N/A], 65.17, 71 | 112136 827
2026-08-30T05:19:00Z 96, 2392, [N/A], 65.38, 72 | 112118 827
2026-08-30T05:19:05Z 96, 2398, [N/A], 63.05, 77 | 112130 827
2026-08-30T05:19:10Z 96, 2398, [N/A], 63.22, 71 | 112126 827
2026-08-30T05:19:16Z 96, 2398, [N/A], 64.50, 70 | 112155 827
2026-08-30T05:19:21Z 96, 2398, [N/A], 64.25, 77 | 112135 827
2026-08-30T05:19:26Z 96, 2398, [N/A], 63.30, 74 | 112138 827
2026-08-30T05:19:31Z 96, 2398, [N/A], 59.46, 72 | 112124 827
2026-08-30T05:19:36Z 96, 2398, [N/A], 60.68, 72 | 112121 827
2026-08-30T05:19:41Z 96, 2398, [N/A], 60.91, 76 | 112118 827
2026-08-30T05:19:46Z 96, 2398, [N/A], 61.00, 70 | 112109 827
2026-08-30T05:19:51Z 96, 2398, [N/A], 56.80, 71 | 112124 827
2026-08-30T05:19:56Z 96, 2398, [N/A], 67.15, 72 | 112114 827
2026-08-30T05:20:01Z 96, 2398, [N/A], 65.45, 74 | 112106 827
2026-08-30T05:20:06Z 96, 2398, [N/A], 64.53, 72 | 112141 827
2026-08-30T05:20:11Z 96, 2398, [N/A], 64.29, 71 | 112160 827
2026-08-30T05:20:16Z 96, 2398, [N/A], 64.04, 75 | 112140 827
2026-08-30T05:20:21Z 96, 2398, [N/A], 64.09, 74 | 112162 827
2026-08-30T05:20:27Z 96, 2392, [N/A], 76.17, 73 | 112146 827
2026-08-30T05:20:32Z 96, 2398, [N/A], 36.78, 68 | 112141 827
2026-08-30T05:20:37Z 96, 2398, [N/A], 33.89, 67 | 112180 827
2026-08-30T05:20:42Z 96, 2398, [N/A], 30.31, 65 | 112144 827
2026-08-30T05:20:47Z 96, 2392, [N/A], 56.26, 73 | 112155 827
2026-08-30T05:20:52Z 96, 2392, [N/A], 51.76, 69 | 112139 827
2026-08-30T05:20:57Z 96, 2398, [N/A], 61.86, 70 | 112150 827
2026-08-30T05:21:02Z 96, 2398, [N/A], 59.55, 70 | 112156 827
2026-08-30T05:21:07Z 96, 2392, [N/A], 50.41, 70 | 112159 827
2026-08-30T05:21:12Z 96, 2398, [N/A], 64.22, 72 | 112156 827
2026-08-30T05:21:17Z 96, 2398, [N/A], 63.46, 76 | 112146 827
2026-08-30T05:21:22Z 96, 2398, [N/A], 57.37, 73 | 112149 827
2026-08-30T05:21:27Z 96, 2398, [N/A], 66.11, 72 | 112126 827
2026-08-30T05:21:32Z 96, 2398, [N/A], 66.96, 69 | 112114 827
2026-08-30T05:21:38Z 96, 2392, [N/A], 66.77, 72 | 112125 827
2026-08-30T05:21:43Z 96, 2398, [N/A], 60.23, 71 | 112149 827
2026-08-30T05:21:48Z 96, 2392, [N/A], 59.03, 73 | 112114 827
2026-08-30T05:21:53Z 96, 2392, [N/A], 51.35, 70 | 112120 827
2026-08-30T05:21:58Z 96, 2398, [N/A], 62.73, 76 | 112112 827
2026-08-30T05:22:03Z 96, 2398, [N/A], 65.31, 70 | 112136 827
2026-08-30T05:22:08Z 96, 2398, [N/A], 67.47, 71 | 112124 827
2026-08-30T05:22:13Z 96, 2398, [N/A], 63.65, 72 | 112156 827
2026-08-30T05:22:18Z 96, 2398, [N/A], 61.14, 77 | 112171 827
2026-08-30T05:22:23Z 96, 2392, [N/A], 56.60, 70 | 112148 827
2026-08-30T05:22:28Z 96, 2392, [N/A], 66.37, 72 | 112138 827
2026-08-30T05:22:33Z 96, 2398, [N/A], 66.72, 72 | 112140 827
2026-08-30T05:22:38Z 96, 2398, [N/A], 60.89, 71 | 112144 827
2026-08-30T05:22:43Z 96, 2398, [N/A], 62.65, 70 | 112149 827
2026-08-30T05:22:48Z 96, 2398, [N/A], 57.63, 74 | 112140 827
2026-08-30T05:22:53Z 96, 2405, [N/A], 51.49, 70 | 112163 827
2026-08-30T05:22:59Z 96, 2398, [N/A], 62.56, 71 | 112157 827
2026-08-30T05:23:04Z 96, 2398, [N/A], 63.38, 73 | 112135 827
2026-08-30T05:23:09Z 96, 2392, [N/A], 48.38, 70 | 112135 827
2026-08-30T05:23:14Z 96, 2398, [N/A], 62.10, 70 | 112142 827
2026-08-30T05:23:19Z 96, 2398, [N/A], 62.01, 71 | 112121 827
2026-08-30T05:23:24Z 96, 2398, [N/A], 69.42, 74 | 112149 827
2026-08-30T05:23:29Z 96, 2398, [N/A], 65.12, 77 | 112145 827
2026-08-30T05:23:34Z 96, 2398, [N/A], 65.43, 74 | 112148 827
2026-08-30T05:23:39Z 96, 2398, [N/A], 60.39, 77 | 112163 827
2026-08-30T05:23:44Z 96, 2398, [N/A], 64.29, 74 | 112144 827
2026-08-30T05:23:49Z 96, 2405, [N/A], 62.23, 72 | 112169 827
2026-08-30T05:23:54Z 96, 2398, [N/A], 55.72, 73 | 112129 827
2026-08-30T05:23:59Z 96, 2398, [N/A], 64.07, 76 | 112117 827
2026-08-30T05:24:04Z 96, 2398, [N/A], 60.05, 76 | 112133 827
2026-08-30T05:24:10Z 96, 2392, [N/A], 48.37, 71 | 112126 827
2026-08-30T05:24:15Z 96, 2398, [N/A], 61.67, 75 | 112123 827
2026-08-30T05:24:20Z 96, 2398, [N/A], 61.50, 70 | 112140 827
2026-08-30T05:24:25Z 96, 2385, [N/A], 70.42, 71 | 112137 827
2026-08-30T05:24:30Z 96, 2398, [N/A], 66.37, 71 | 112131 827
2026-08-30T05:24:35Z 96, 2398, [N/A], 63.40, 77 | 112127 827
2026-08-30T05:24:40Z 96, 2392, [N/A], 46.54, 71 | 112131 827
2026-08-30T05:24:45Z 96, 2398, [N/A], 64.68, 77 | 112138 827
2026-08-30T05:24:50Z 96, 2398, [N/A], 64.88, 73 | 112120 827
2026-08-30T05:24:55Z 96, 2392, [N/A], 55.01, 71 | 112133 827
2026-08-30T05:25:00Z 96, 2398, [N/A], 60.14, 74 | 112138 827
2026-08-30T05:25:05Z 96, 2398, [N/A], 60.29, 72 | 112144 827
2026-08-30T05:25:11Z 96, 2398, [N/A], 52.62, 71 | 112160 827
2026-08-30T05:25:16Z 96, 2398, [N/A], 66.25, 71 | 112161 827
2026-08-30T05:25:21Z 96, 2392, [N/A], 60.11, 76 | 112139 827
2026-08-30T05:25:26Z 96, 2405, [N/A], 70.62, 75 | 112157 827
2026-08-30T05:25:31Z 96, 2398, [N/A], 67.04, 76 | 112156 827
2026-08-30T05:25:36Z 96, 2398, [N/A], 61.99, 70 | 112162 827
2026-08-30T05:25:41Z 96, 2398, [N/A], 58.44, 77 | 112172 827
2026-08-30T05:25:46Z 96, 2398, [N/A], 67.16, 70 | 112146 827
2026-08-30T05:25:51Z 96, 2398, [N/A], 66.91, 72 | 112135 827
2026-08-30T05:25:56Z 96, 2398, [N/A], 63.60, 72 | 112162 827
2026-08-30T05:26:01Z 96, 2398, [N/A], 58.34, 72 | 112173 827
2026-08-30T05:26:06Z 96, 2398, [N/A], 58.33, 72 | 112157 827
2026-08-30T05:26:11Z 96, 2392, [N/A], 49.39, 71 | 112158 827
2026-08-30T05:26:16Z 96, 2398, [N/A], 63.45, 76 | 112189 827
2026-08-30T05:26:22Z 96, 2398, [N/A], 62.35, 76 | 112173 827
2026-08-30T05:26:27Z 96, 2392, [N/A], 54.81, 71 | 112145 827
2026-08-30T05:26:32Z 96, 2398, [N/A], 62.54, 77 | 112121 827
2026-08-30T05:26:37Z 96, 2398, [N/A], 62.15, 72 | 112127 827
2026-08-30T05:26:42Z 96, 2398, [N/A], 75.08, 77 | 112125 827
2026-08-30T05:26:47Z 96, 2398, [N/A], 65.78, 74 | 112130 827
2026-08-30T05:26:52Z 96, 2398, [N/A], 65.77, 73 | 112155 827
2026-08-30T05:26:57Z 96, 2392, [N/A], 60.80, 76 | 112139 827
2026-08-30T05:27:02Z 96, 2398, [N/A], 63.21, 72 | 112145 827
2026-08-30T05:27:07Z 96, 2398, [N/A], 64.52, 76 | 112123 827
2026-08-30T05:27:12Z 96, 2398, [N/A], 53.98, 71 | 112121 827
2026-08-30T05:27:17Z 96, 2398, [N/A], 60.98, 70 | 112135 827
2026-08-30T05:27:23Z 96, 2398, [N/A], 60.37, 73 | 112157 827
2026-08-30T05:27:28Z 96, 2392, [N/A], 46.28, 71 | 112151 827
2026-08-30T05:27:33Z 96, 2398, [N/A], 61.64, 76 | 112122 827
2026-08-30T05:27:38Z 96, 2398, [N/A], 61.20, 77 | 112128 827
2026-08-30T05:27:43Z 95, 2372, [N/A], 71.87, 71 | 112125 827
2026-08-30T05:27:48Z 96, 2398, [N/A], 65.27, 70 | 112140 827
2026-08-30T05:27:53Z 96, 2398, [N/A], 66.78, 72 | 112123 827
2026-08-30T05:27:58Z 96, 2392, [N/A], 54.64, 71 | 112132 827
2026-08-30T05:28:03Z 96, 2398, [N/A], 64.42, 72 | 112140 827
2026-08-30T05:28:08Z 96, 2398, [N/A], 64.99, 75 | 112161 827
2026-08-30T05:28:13Z 96, 2392, [N/A], 48.84, 70 | 112157 827
2026-08-30T05:28:18Z 96, 2398, [N/A], 59.02, 70 | 112146 827
2026-08-30T05:28:24Z 96, 2398, [N/A], 59.99, 71 | 112165 827
2026-08-30T05:28:29Z 96, 2405, [N/A], 52.72, 70 | 112168 827
2026-08-30T05:28:34Z 96, 2398, [N/A], 63.58, 74 | 112145 827
2026-08-30T05:28:39Z 96, 2398, [N/A], 61.54, 76 | 112146 827
2026-08-30T05:28:44Z 96, 2398, [N/A], 70.80, 71 | 112136 827
2026-08-30T05:28:49Z 96, 2398, [N/A], 64.52, 71 | 112137 827
2026-08-30T05:28:54Z 96, 2398, [N/A], 62.30, 75 | 112151 827
2026-08-30T05:28:59Z 96, 2392, [N/A], 47.42, 70 | 112154 827
2026-08-30T05:29:04Z 96, 2398, [N/A], 68.00, 77 | 112148 827
2026-08-30T05:29:09Z 96, 2398, [N/A], 67.45, 77 | 112139 827
2026-08-30T05:29:14Z 96, 2398, [N/A], 66.58, 73 | 112135 827
2026-08-30T05:29:19Z 96, 2398, [N/A], 58.65, 71 | 112137 827
2026-08-30T05:29:24Z 96, 2398, [N/A], 58.04, 75 | 112143 827
2026-08-30T05:29:29Z 96, 2392, [N/A], 54.75, 72 | 112134 827
2026-08-30T05:29:35Z 96, 2398, [N/A], 62.60, 71 | 112125 827
2026-08-30T05:29:40Z 96, 2398, [N/A], 60.72, 71 | 112138 827
2026-08-30T05:29:45Z 96, 2392, [N/A], 54.01, 71 | 112139 827
2026-08-30T05:29:50Z 96, 2398, [N/A], 61.64, 77 | 112128 827
2026-08-30T05:29:55Z 96, 2398, [N/A], 61.86, 70 | 112144 827
2026-08-30T05:30:00Z 96, 2392, [N/A], 52.49, 75 | 112150 827
2026-08-30T05:30:05Z 96, 2398, [N/A], 65.99, 74 | 112179 827
2026-08-30T05:30:10Z 96, 2398, [N/A], 66.49, 72 | 112171 827
2026-08-30T05:30:15Z 96, 2398, [N/A], 62.65, 72 | 112171 827
2026-08-30T05:30:20Z 96, 2398, [N/A], 70.12, 71 | 112157 827
2026-08-30T05:30:25Z 96, 2392, [N/A], 76.00, 76 | 112138 827
2026-08-30T05:30:30Z 96, 2398, [N/A], 37.31, 69 | 112170 827
2026-08-30T05:30:35Z 96, 2398, [N/A], 34.18, 68 | 112149 827
2026-08-30T05:30:41Z 96, 2398, [N/A], 30.88, 66 | 112147 827
2026-08-30T05:30:46Z 96, 2392, [N/A], 58.58, 72 | 112164 827
2026-08-30T05:30:51Z 96, 2392, [N/A], 55.60, 72 | 112163 827
2026-08-30T05:30:56Z 96, 2398, [N/A], 60.26, 71 | 112149 827
2026-08-30T05:31:01Z 96, 2392, [N/A], 61.93, 70 | 112141 827
2026-08-30T05:31:06Z 96, 2392, [N/A], 53.34, 71 | 112131 827
2026-08-30T05:31:11Z 96, 2392, [N/A], 65.47, 72 | 112152 827
2026-08-30T05:31:16Z 96, 2398, [N/A], 62.80, 72 | 112143 827
2026-08-30T05:31:21Z 96, 2392, [N/A], 55.31, 71 | 112140 827
2026-08-30T05:31:26Z 96, 2398, [N/A], 67.87, 73 | 112154 827
2026-08-30T05:31:31Z 96, 2398, [N/A], 67.75, 70 | 112145 827
2026-08-30T05:31:36Z 96, 2398, [N/A], 67.36, 72 | 112146 827
2026-08-30T05:31:41Z 96, 2385, [N/A], 68.25, 70 | 112158 827
2026-08-30T05:31:46Z 96, 2398, [N/A], 60.41, 73 | 112160 827
2026-08-30T05:31:52Z 96, 2392, [N/A], 63.74, 76 | 112148 827
2026-08-30T05:31:57Z 96, 2392, [N/A], 64.20, 71 | 112162 827
2026-08-30T05:32:02Z 96, 2398, [N/A], 59.51, 74 | 112180 827
2026-08-30T05:32:07Z 96, 2392, [N/A], 53.25, 73 | 112174 827
2026-08-30T05:32:12Z 96, 2398, [N/A], 66.57, 70 | 112137 827
2026-08-30T05:32:17Z 96, 2398, [N/A], 63.95, 77 | 112139 827
2026-08-30T05:32:22Z 96, 2392, [N/A], 49.66, 71 | 112145 827
2026-08-30T05:32:27Z 96, 2398, [N/A], 67.12, 75 | 112144 827
2026-08-30T05:32:32Z 96, 2392, [N/A], 66.99, 72 | 112163 827
2026-08-30T05:32:37Z 96, 2398, [N/A], 66.82, 72 | 112152 827
2026-08-30T05:32:42Z 96, 2398, [N/A], 80.94, 77 | 112142 827
2026-08-30T05:32:47Z 96, 2398, [N/A], 59.42, 72 | 112121 827
2026-08-30T05:32:53Z 96, 2392, [N/A], 57.37, 73 | 112125 827
2026-08-30T05:32:58Z 96, 2398, [N/A], 59.35, 70 | 112140 827
2026-08-30T05:33:03Z 96, 2398, [N/A], 59.59, 71 | 112120 827
2026-08-30T05:33:08Z 96, 2398, [N/A], 49.88, 71 | 112146 827
2026-08-30T05:33:13Z 96, 2398, [N/A], 62.43, 70 | 112147 827
2026-08-30T05:33:18Z 96, 2398, [N/A], 64.21, 76 | 112129 827
2026-08-30T05:33:23Z 96, 2392, [N/A], 55.26, 70 | 112145 827
2026-08-30T05:33:28Z 96, 2398, [N/A], 66.71, 70 | 112158 827
2026-08-30T05:33:33Z 96, 2398, [N/A], 67.12, 72 | 112150 827
2026-08-30T05:33:38Z 96, 2398, [N/A], 66.35, 73 | 112130 827
2026-08-30T05:33:43Z 96, 2398, [N/A], 76.94, 78 | 112168 827
2026-08-30T05:33:48Z 96, 2398, [N/A], 60.88, 73 | 112167 827
2026-08-30T05:33:54Z 96, 2398, [N/A], 60.96, 72 | 112163 827
2026-08-30T05:33:59Z 96, 2398, [N/A], 63.88, 73 | 112155 827
2026-08-30T05:34:04Z 96, 2398, [N/A], 63.72, 75 | 112159 827
2026-08-30T05:34:09Z 96, 2392, [N/A], 57.80, 70 | 112144 827
2026-08-30T05:34:14Z 96, 2398, [N/A], 67.26, 72 | 112148 827
2026-08-30T05:34:19Z 96, 2398, [N/A], 63.75, 72 | 112147 827
2026-08-30T05:34:24Z 96, 2398, [N/A], 61.65, 77 | 112126 827
2026-08-30T05:34:29Z 96, 2398, [N/A], 66.92, 77 | 112127 827
2026-08-30T05:34:34Z 96, 2398, [N/A], 67.04, 77 | 112144 827
2026-08-30T05:34:39Z 96, 2398, [N/A], 66.62, 72 | 112155 827
2026-08-30T05:34:44Z 96, 2398, [N/A], 77.17, 77 | 112152 827
2026-08-30T05:34:49Z 96, 2398, [N/A], 57.61, 70 | 112149 827
2026-08-30T05:34:54Z 96, 2398, [N/A], 62.31, 72 | 112163 827
2026-08-30T05:35:00Z 96, 2398, [N/A], 62.10, 70 | 112146 827
2026-08-30T05:35:05Z 96, 2398, [N/A], 63.43, 70 | 112153 827
2026-08-30T05:35:10Z 96, 2398, [N/A], 60.84, 73 | 112142 827
2026-08-30T05:35:15Z 96, 2398, [N/A], 63.41, 70 | 112142 827
2026-08-30T05:35:20Z 96, 2398, [N/A], 67.16, 77 | 112150 827
2026-08-30T05:35:25Z 96, 2398, [N/A], 60.92, 72 | 112150 827
2026-08-30T05:35:30Z 96, 2398, [N/A], 66.54, 72 | 112161 827
2026-08-30T05:35:35Z 96, 2398, [N/A], 66.72, 72 | 112151 827
2026-08-30T05:35:40Z 96, 2392, [N/A], 66.19, 70 | 112167 827
2026-08-30T05:35:45Z 96, 2392, [N/A], 60.28, 75 | 112156 827
2026-08-30T05:35:50Z 96, 2398, [N/A], 59.32, 74 | 112139 827
2026-08-30T05:35:55Z 96, 2398, [N/A], 62.27, 74 | 112142 827
2026-08-30T05:36:00Z 96, 2398, [N/A], 64.81, 71 | 112164 827
2026-08-30T05:36:05Z 96, 2398, [N/A], 61.26, 75 | 112182 827
2026-08-30T05:36:10Z 96, 2398, [N/A], 60.81, 74 | 112182 827
2026-08-30T05:36:15Z 96, 2392, [N/A], 60.36, 76 | 112174 827
2026-08-30T05:36:21Z 96, 2398, [N/A], 64.40, 70 | 112152 827
2026-08-30T05:36:26Z 96, 2398, [N/A], 65.71, 72 | 112140 827
2026-08-30T05:36:31Z 96, 2398, [N/A], 66.62, 74 | 112168 827
2026-08-30T05:36:36Z 96, 2398, [N/A], 65.73, 74 | 112156 827
2026-08-30T05:36:41Z 96, 2398, [N/A], 65.51, 72 | 112135 827
2026-08-30T05:36:46Z 96, 2392, [N/A], 46.35, 71 | 112150 827
2026-08-30T05:36:51Z 96, 2398, [N/A], 62.15, 72 | 112153 827
2026-08-30T05:36:56Z 96, 2398, [N/A], 63.74, 72 | 112146 827
2026-08-30T05:37:01Z 96, 2392, [N/A], 49.77, 70 | 112148 827
2026-08-30T05:37:06Z 96, 2398, [N/A], 60.67, 77 | 112159 827
2026-08-30T05:37:11Z 96, 2398, [N/A], 59.97, 74 | 112147 827
2026-08-30T05:37:16Z 96, 2398, [N/A], 69.38, 77 | 112153 827
2026-08-30T05:37:21Z 96, 2398, [N/A], 65.09, 76 | 112148 827
2026-08-30T05:37:27Z 96, 2398, [N/A], 65.20, 71 | 112155 827
2026-08-30T05:37:32Z 96, 2398, [N/A], 72.24, 77 | 112162 827
2026-08-30T05:37:37Z 96, 2398, [N/A], 65.82, 74 | 112156 827
2026-08-30T05:37:42Z 96, 2398, [N/A], 65.08, 71 | 112129 827
2026-08-30T05:37:47Z 96, 2392, [N/A], 59.90, 71 | 112150 827
2026-08-30T05:37:52Z 96, 2398, [N/A], 66.40, 75 | 112128 827
2026-08-30T05:37:57Z 96, 2398, [N/A], 62.41, 70 | 112169 827
2026-08-30T05:38:02Z 96, 2398, [N/A], 55.72, 77 | 112167 827
2026-08-30T05:38:07Z 96, 2398, [N/A], 65.04, 75 | 112158 827
2026-08-30T05:38:12Z 96, 2398, [N/A], 60.03, 76 | 112157 827
2026-08-30T05:38:17Z 96, 2392, [N/A], 49.23, 70 | 112160 827
2026-08-30T05:38:22Z 96, 2398, [N/A], 65.33, 72 | 112156 827
2026-08-30T05:38:27Z 96, 2398, [N/A], 63.81, 72 | 112145 827
2026-08-30T05:38:32Z 96, 2392, [N/A], 46.39, 70 | 112173 827
2026-08-30T05:38:37Z 96, 2398, [N/A], 64.57, 74 | 112169 827
2026-08-30T05:38:43Z 96, 2398, [N/A], 66.76, 73 | 112175 827
2026-08-30T05:38:48Z 96, 2392, [N/A], 48.95, 70 | 112152 827
2026-08-30T05:38:53Z 96, 2398, [N/A], 66.73, 71 | 112150 827
2026-08-30T05:38:58Z 96, 2398, [N/A], 62.16, 71 | 112146 827
2026-08-30T05:39:03Z 96, 2398, [N/A], 61.78, 72 | 112160 827
2026-08-30T05:39:08Z 96, 2398, [N/A], 59.35, 72 | 112160 827
2026-08-30T05:39:13Z 96, 2398, [N/A], 61.01, 74 | 112131 827
2026-08-30T05:39:18Z 96, 2398, [N/A], 53.54, 71 | 112138 827
2026-08-30T05:39:23Z 96, 2398, [N/A], 61.06, 71 | 112120 827
2026-08-30T05:39:28Z 96, 2398, [N/A], 61.09, 72 | 112144 827
2026-08-30T05:39:33Z 96, 2392, [N/A], 54.51, 71 | 112139 827
2026-08-30T05:39:38Z 96, 2398, [N/A], 64.35, 71 | 112167 827
2026-08-30T05:39:44Z 96, 2398, [N/A], 66.88, 77 | 112147 827
2026-08-30T05:39:49Z 96, 2398, [N/A], 63.39, 74 | 112142 827
2026-08-30T05:39:54Z 96, 2398, [N/A], 64.44, 76 | 112143 827
2026-08-30T05:39:59Z 96, 2398, [N/A], 65.26, 71 | 112145 827
2026-08-30T05:40:04Z 96, 2398, [N/A], 64.75, 72 | 112145 827
2026-08-30T05:40:09Z 96, 2398, [N/A], 64.50, 77 | 112135 827
2026-08-30T05:40:14Z 96, 2398, [N/A], 59.59, 71 | 112141 827
2026-08-30T05:40:19Z 96, 2398, [N/A], 58.98, 71 | 112147 827
2026-08-30T05:40:24Z 96, 2398, [N/A], 59.97, 77 | 112156 827
2026-08-30T05:40:29Z 96, 2398, [N/A], 60.58, 73 | 112175 827
2026-08-30T05:40:34Z 96, 2398, [N/A], 57.16, 77 | 112162 827
2026-08-30T05:40:40Z 96, 2398, [N/A], 66.11, 72 | 112152 827
2026-08-30T05:40:45Z 96, 2398, [N/A], 63.42, 77 | 112171 827
2026-08-30T05:40:50Z 96, 2398, [N/A], 63.14, 71 | 112164 827
2026-08-30T05:40:55Z 96, 2398, [N/A], 65.32, 74 | 112143 827
2026-08-30T05:41:00Z 96, 2398, [N/A], 64.41, 71 | 112155 827
2026-08-30T05:41:05Z 96, 2398, [N/A], 64.11, 73 | 112163 827
2026-08-30T05:41:10Z 96, 2392, [N/A], 76.06, 74 | 112130 827
2026-08-30T05:41:15Z 96, 2398, [N/A], 36.77, 69 | 112128 827
2026-08-30T05:41:20Z 96, 2398, [N/A], 33.85, 67 | 112151 827
2026-08-30T05:41:25Z 96, 2398, [N/A], 29.94, 66 | 112154 827
2026-08-30T05:41:30Z 96, 2392, [N/A], 56.05, 70 | 112167 827
2026-08-30T05:41:35Z 96, 2398, [N/A], 50.59, 70 | 112145 827
2026-08-30T05:41:40Z 96, 2398, [N/A], 60.84, 69 | 112150 827
2026-08-30T05:41:46Z 96, 2398, [N/A], 58.85, 71 | 112154 827
2026-08-30T05:41:51Z 96, 2392, [N/A], 49.56, 70 | 112150 827
2026-08-30T05:41:56Z 96, 2398, [N/A], 67.53, 74 | 112131 827
2026-08-30T05:42:01Z 96, 2398, [N/A], 63.53, 71 | 112147 827
2026-08-30T05:42:06Z 96, 2398, [N/A], 58.07, 69 | 112162 827
2026-08-30T05:42:11Z 96, 2398, [N/A], 67.72, 72 | 112145 827
2026-08-30T05:42:16Z 96, 2398, [N/A], 66.58, 70 | 112165 827
2026-08-30T05:42:21Z 96, 2398, [N/A], 65.84, 71 | 112178 827
2026-08-30T05:42:26Z 96, 2398, [N/A], 60.64, 72 | 112164 827
2026-08-30T05:42:31Z 96, 2392, [N/A], 63.25, 72 | 112149 827
2026-08-30T05:42:36Z 96, 2392, [N/A], 52.68, 71 | 112136 827
2026-08-30T05:42:41Z 96, 2398, [N/A], 61.39, 71 | 112157 827
2026-08-30T05:42:46Z 96, 2398, [N/A], 59.31, 74 | 112159 827
2026-08-30T05:42:52Z 96, 2405, [N/A], 68.15, 77 | 112156 827
2026-08-30T05:42:57Z 96, 2398, [N/A], 63.24, 71 | 112137 827
2026-08-30T05:43:02Z 96, 2398, [N/A], 66.07, 76 | 112156 827
2026-08-30T05:43:07Z 96, 2398, [N/A], 75.46, 77 | 112136 827
2026-08-30T05:43:12Z 96, 2405, [N/A], 66.75, 77 | 112150 827
2026-08-30T05:43:17Z 96, 2398, [N/A], 66.57, 77 | 112162 827
2026-08-30T05:43:22Z 96, 2398, [N/A], 60.11, 71 | 112164 827
2026-08-30T05:43:27Z 96, 2398, [N/A], 59.84, 70 | 112158 827
2026-08-30T05:43:32Z 96, 2398, [N/A], 58.39, 72 | 112164 827
2026-08-30T05:43:37Z 96, 2398, [N/A], 49.82, 71 | 112138 827
2026-08-30T05:43:42Z 96, 2398, [N/A], 60.88, 73 | 112148 827
2026-08-30T05:43:47Z 96, 2398, [N/A], 61.01, 74 | 112160 827
2026-08-30T05:43:53Z 96, 2398, [N/A], 69.07, 73 | 112161 827
2026-08-30T05:43:58Z 96, 2398, [N/A], 65.77, 76 | 112150 827
2026-08-30T05:44:03Z 96, 2398, [N/A], 61.73, 76 | 112163 827
2026-08-30T05:44:08Z 96, 2398, [N/A], 67.44, 72 | 112153 827
2026-08-30T05:44:13Z 96, 2398, [N/A], 66.84, 73 | 112140 827
2026-08-30T05:44:18Z 96, 2398, [N/A], 65.60, 77 | 112151 827
2026-08-30T05:44:23Z 96, 2398, [N/A], 47.75, 70 | 112163 827
2026-08-30T05:44:28Z 96, 2398, [N/A], 61.49, 75 | 112134 827
2026-08-30T05:44:33Z 96, 2398, [N/A], 62.22, 73 | 112146 827
2026-08-30T05:44:38Z 96, 2398, [N/A], 50.79, 71 | 112147 827
2026-08-30T05:44:43Z 96, 2398, [N/A], 65.32, 75 | 112154 827
2026-08-30T05:44:48Z 96, 2398, [N/A], 60.17, 76 | 112147 827
2026-08-30T05:44:54Z 96, 2398, [N/A], 64.47, 77 | 112154 827
2026-08-30T05:44:59Z 96, 2398, [N/A], 63.19, 73 | 112127 827
2026-08-30T05:45:04Z 96, 2398, [N/A], 60.86, 72 | 112161 827
2026-08-30T05:45:09Z 96, 2398, [N/A], 63.83, 77 | 112141 827
2026-08-30T05:45:14Z 96, 2398, [N/A], 64.77, 75 | 112135 827
2026-08-30T05:45:19Z 96, 2398, [N/A], 65.17, 73 | 112133 827
2026-08-30T05:45:24Z 96, 2398, [N/A], 72.27, 72 | 112143 827
2026-08-30T05:45:29Z 96, 2398, [N/A], 64.37, 72 | 112136 827
2026-08-30T05:45:34Z 96, 2398, [N/A], 64.91, 72 | 112122 827
2026-08-30T05:45:39Z 96, 2398, [N/A], 59.38, 73 | 112160 827
2026-08-30T05:45:44Z 96, 2398, [N/A], 60.59, 77 | 112170 827
2026-08-30T05:45:50Z 96, 2398, [N/A], 59.10, 74 | 112149 827
2026-08-30T05:45:55Z 96, 2392, [N/A], 52.49, 71 | 112140 827
2026-08-30T05:46:00Z 96, 2398, [N/A], 66.11, 75 | 112117 827
2026-08-30T05:46:05Z 96, 2398, [N/A], 59.82, 71 | 112141 827
2026-08-30T05:46:10Z 96, 2398, [N/A], 62.24, 74 | 112147 827
2026-08-30T05:46:15Z 96, 2398, [N/A], 66.33, 75 | 112169 827
2026-08-30T05:46:20Z 96, 2398, [N/A], 63.39, 71 | 112156 827
2026-08-30T05:46:25Z 96, 2379, [N/A], 67.56, 72 | 112150 827
2026-08-30T05:46:30Z 96, 2398, [N/A], 66.84, 73 | 112145 827
2026-08-30T05:46:35Z 96, 2398, [N/A], 66.75, 73 | 112204 827
2026-08-30T05:46:40Z 96, 2398, [N/A], 62.79, 78 | 112265 827
2026-08-30T05:46:46Z 96, 2398, [N/A], 59.86, 73 | 112277 827
2026-08-30T05:46:51Z 96, 2405, [N/A], 60.44, 73 | 112271 827
2026-08-30T05:46:56Z 96, 2398, [N/A], 62.39, 72 | 112244 827
2026-08-30T05:47:01Z 96, 2398, [N/A], 62.09, 78 | 112218 827
2026-08-30T05:47:06Z 96, 2398, [N/A], 63.76, 77 | 112201 827
2026-08-30T05:47:11Z 96, 2398, [N/A], 69.15, 72 | 112263 827
2026-08-30T05:47:16Z 96, 2398, [N/A], 63.17, 78 | 112200 827
2026-08-30T05:47:21Z 96, 2398, [N/A], 61.80, 77 | 112216 827
2026-08-30T05:47:26Z 96, 2398, [N/A], 66.79, 79 | 112197 827
2026-08-30T05:47:31Z 96, 2398, [N/A], 67.17, 73 | 112174 827
2026-08-30T05:47:36Z 96, 2398, [N/A], 67.09, 77 | 112183 827
2026-08-30T05:47:41Z 96, 2405, [N/A], 60.80, 73 | 112175 827
2026-08-30T05:47:47Z 96, 2398, [N/A], 61.14, 78 | 112160 827
2026-08-30T05:47:52Z 96, 2398, [N/A], 61.45, 75 | 112176 827
2026-08-30T05:47:57Z 96, 2405, [N/A], 47.68, 72 | 112185 827
2026-08-30T05:48:02Z 96, 2398, [N/A], 63.20, 75 | 112166 827
2026-08-30T05:48:07Z 96, 2398, [N/A], 60.60, 75 | 112173 827
2026-08-30T05:48:12Z 96, 2398, [N/A], 61.94, 73 | 112166 827
2026-08-30T05:48:17Z 96, 2398, [N/A], 68.38, 76 | 112144 827
2026-08-30T05:48:22Z 96, 2398, [N/A], 62.38, 76 | 112158 827
2026-08-30T05:48:27Z 96, 2398, [N/A], 67.72, 72 | 112161 827
2026-08-30T05:48:32Z 96, 2398, [N/A], 65.33, 71 | 112161 827
2026-08-30T05:48:37Z 96, 2398, [N/A], 65.05, 72 | 112164 827
2026-08-30T05:48:42Z 96, 2398, [N/A], 55.24, 75 | 112188 827
2026-08-30T05:48:48Z 96, 2398, [N/A], 65.40, 71 | 112169 827
2026-08-30T05:48:53Z 96, 2398, [N/A], 64.04, 76 | 112169 827
2026-08-30T05:48:58Z 96, 2398, [N/A], 59.38, 74 | 112156 827
2026-08-30T05:49:03Z 96, 2398, [N/A], 65.43, 73 | 112172 827
2026-08-30T05:49:08Z 96, 2398, [N/A], 59.77, 73 | 112204 827
2026-08-30T05:49:13Z 96, 2398, [N/A], 46.79, 71 | 112175 827
2026-08-30T05:49:18Z 96, 2398, [N/A], 61.22, 73 | 112148 827
2026-08-30T05:49:23Z 96, 2398, [N/A], 66.60, 72 | 112167 827
2026-08-30T05:49:28Z 96, 2379, [N/A], 65.85, 73 | 112149 827
2026-08-30T05:49:33Z 96, 2398, [N/A], 63.72, 76 | 112147 827
2026-08-30T05:49:38Z 96, 2398, [N/A], 64.97, 75 | 112184 827
2026-08-30T05:49:43Z 96, 2405, [N/A], 62.15, 71 | 112190 827
2026-08-30T05:49:49Z 96, 2398, [N/A], 67.50, 71 | 112190 827
2026-08-30T05:49:54Z 96, 2398, [N/A], 67.35, 72 | 112173 827
2026-08-30T05:49:59Z 96, 2398, [N/A], 65.45, 72 | 112171 827
2026-08-30T05:50:04Z 96, 2398, [N/A], 59.36, 77 | 112165 827
2026-08-30T05:50:09Z 96, 2398, [N/A], 61.06, 73 | 112157 827
2026-08-30T05:50:14Z 96, 2398, [N/A], 52.50, 73 | 112154 827
2026-08-30T05:50:19Z 96, 2398, [N/A], 61.37, 71 | 112144 827
2026-08-30T05:50:24Z 96, 2398, [N/A], 59.27, 78 | 112158 827
2026-08-30T05:50:29Z 96, 2398, [N/A], 68.07, 78 | 112162 827
2026-08-30T05:50:34Z 96, 2398, [N/A], 62.90, 71 | 112160 827
2026-08-30T05:50:39Z 96, 2398, [N/A], 66.49, 77 | 112140 827
2026-08-30T05:50:45Z 96, 2392, [N/A], 73.16, 78 | 112164 827
2026-08-30T05:50:50Z 96, 2405, [N/A], 66.30, 78 | 112180 827
2026-08-30T05:50:55Z 96, 2405, [N/A], 66.63, 78 | 112181 827
2026-08-30T05:51:00Z 96, 2398, [N/A], 57.29, 71 | 112172 827
2026-08-30T05:51:05Z 96, 2398, [N/A], 60.97, 76 | 112193 827
2026-08-30T05:51:10Z 96, 2398, [N/A], 60.51, 73 | 112163 827
2026-08-30T05:51:15Z 96, 2405, [N/A], 53.57, 73 | 112177 827
2026-08-30T05:51:20Z 96, 2398, [N/A], 61.19, 73 | 112187 827
2026-08-30T05:51:25Z 96, 2398, [N/A], 60.83, 74 | 112179 827
2026-08-30T05:51:30Z 96, 2398, [N/A], 46.56, 71 | 112165 827
2026-08-30T05:51:35Z 96, 2398, [N/A], 63.21, 77 | 112183 827
2026-08-30T05:51:40Z 96, 2398, [N/A], 61.90, 77 | 112175 827
2026-08-30T05:51:45Z 96, 2398, [N/A], 68.55, 77 | 112160 827
2026-08-30T05:52:12Z 96, 2405, [N/A], 57.25, 72 | 112177 827
2026-08-30T05:52:18Z 96, 2385, [N/A], 77.46, 77 | 112187 827
2026-08-30T05:52:23Z 96, 2398, [N/A], 37.40, 69 | 112166 827
2026-08-30T05:52:28Z 96, 2398, [N/A], 33.75, 68 | 112170 827
2026-08-30T05:52:33Z 96, 2392, [N/A], 54.34, 72 | 112165 827
2026-08-30T05:52:38Z 96, 2398, [N/A], 57.74, 71 | 112161 827
2026-08-30T05:52:43Z 96, 2392, [N/A], 48.16, 71 | 112177 827
2026-08-30T05:52:48Z 96, 2398, [N/A], 60.55, 71 | 112170 827
2026-08-30T05:52:53Z 96, 2398, [N/A], 60.50, 71 | 112192 827
2026-08-30T05:52:58Z 95, 2379, [N/A], 68.68, 71 | 112188 827
2026-08-30T05:53:03Z 96, 2398, [N/A], 67.67, 72 | 112181 827
2026-08-30T05:53:08Z 96, 2398, [N/A], 63.01, 71 | 112188 827
2026-08-30T05:53:14Z 96, 2392, [N/A], 58.36, 74 | 112185 827
2026-08-30T05:53:19Z 96, 2398, [N/A], 67.57, 73 | 112204 827
2026-08-30T05:53:24Z 96, 2398, [N/A], 67.20, 77 | 112167 827
2026-08-30T05:53:29Z 96, 2392, [N/A], 51.13, 72 | 112179 827
2026-08-30T05:53:34Z 96, 2398, [N/A], 58.88, 73 | 112172 827
2026-08-30T05:53:39Z 96, 2398, [N/A], 63.12, 76 | 112147 827
2026-08-30T05:53:44Z 96, 2392, [N/A], 46.96, 72 | 112170 827
2026-08-30T05:53:49Z 96, 2398, [N/A], 59.73, 76 | 112158 827
2026-08-30T05:53:54Z 96, 2398, [N/A], 63.82, 72 | 112182 827
2026-08-30T05:53:59Z 96, 2398, [N/A], 63.32, 71 | 112165 827
2026-08-30T05:54:04Z 96, 2398, [N/A], 62.65, 73 | 112174 827
2026-08-30T05:54:09Z 96, 2398, [N/A], 64.20, 72 | 112173 827
2026-08-30T05:54:14Z 96, 2398, [N/A], 63.44, 73 | 112143 827
2026-08-30T05:54:19Z 96, 2398, [N/A], 67.92, 73 | 112160 827
2026-08-30T05:54:24Z 96, 2405, [N/A], 67.14, 72 | 112161 827
2026-08-30T05:54:29Z 96, 2398, [N/A], 64.59, 73 | 112158 827
2026-08-30T05:54:35Z 96, 2398, [N/A], 58.13, 73 | 112187 827
2026-08-30T05:54:40Z 96, 2398, [N/A], 59.31, 72 | 112174 827
2026-08-30T05:54:45Z 96, 2398, [N/A], 52.10, 71 | 112161 827
2026-08-30T05:54:50Z 96, 2398, [N/A], 59.89, 72 | 112156 827
2026-08-30T05:54:55Z 96, 2398, [N/A], 59.94, 77 | 112167 827
2026-08-30T05:55:00Z 96, 2398, [N/A], 64.99, 72 | 112204 827
2026-08-30T05:55:05Z 96, 2398, [N/A], 63.56, 74 | 112174 827
2026-08-30T05:55:10Z 96, 2398, [N/A], 64.17, 77 | 112196 827
2026-08-30T05:55:15Z 96, 2398, [N/A], 57.65, 77 | 112171 827
2026-08-30T05:55:20Z 96, 2398, [N/A], 67.27, 73 | 112164 827
2026-08-30T05:55:25Z 96, 2398, [N/A], 67.52, 71 | 112183 827
2026-08-30T05:55:31Z 96, 2398, [N/A], 64.16, 72 | 112170 827
2026-08-30T05:55:36Z 96, 2398, [N/A], 58.71, 74 | 112182 827
2026-08-30T05:55:41Z 96, 2398, [N/A], 58.54, 72 | 112162 827
2026-08-30T05:55:46Z 96, 2398, [N/A], 48.76, 70 | 112148 827
2026-08-30T05:55:51Z 96, 2398, [N/A], 61.22, 75 | 112149 827
2026-08-30T05:55:56Z 96, 2398, [N/A], 60.81, 77 | 112165 827
2026-08-30T05:56:01Z 96, 2392, [N/A], 55.03, 76 | 112168 827
2026-08-30T05:56:06Z 96, 2398, [N/A], 62.90, 77 | 112172 827
2026-08-30T05:56:11Z 96, 2398, [N/A], 64.80, 73 | 112185 827
2026-08-30T05:56:16Z 96, 2392, [N/A], 48.35, 71 | 112181 827
2026-08-30T05:56:21Z 96, 2398, [N/A], 66.94, 72 | 112190 827
2026-08-30T05:56:26Z 96, 2398, [N/A], 67.09, 71 | 112169 827
2026-08-30T05:56:32Z 96, 2398, [N/A], 64.12, 74 | 112161 827
2026-08-30T05:56:37Z 96, 2398, [N/A], 57.98, 74 | 112169 827
2026-08-30T05:56:42Z 96, 2398, [N/A], 59.50, 71 | 112165 827
2026-08-30T05:56:47Z 96, 2398, [N/A], 51.92, 72 | 112164 827
2026-08-30T05:56:52Z 96, 2398, [N/A], 61.72, 72 | 112167 827
2026-08-30T05:56:57Z 96, 2398, [N/A], 61.21, 73 | 112183 827
2026-08-30T05:57:02Z 96, 2392, [N/A], 47.14, 72 | 112189 827
2026-08-30T05:57:07Z 96, 2398, [N/A], 66.36, 72 | 112176 827
2026-08-30T05:57:12Z 96, 2398, [N/A], 61.71, 74 | 112167 827
2026-08-30T05:57:17Z 96, 2398, [N/A], 52.83, 71 | 112173 827
2026-08-30T05:57:22Z 96, 2398, [N/A], 66.44, 78 | 112160 827
2026-08-30T05:57:27Z 96, 2398, [N/A], 67.07, 78 | 112159 827
2026-08-30T05:57:33Z 96, 2398, [N/A], 65.13, 78 | 112167 827
2026-08-30T05:57:38Z 96, 2398, [N/A], 59.56, 72 | 112170 827
2026-08-30T05:57:43Z 96, 2398, [N/A], 60.28, 75 | 112166 827
2026-08-30T05:57:48Z 96, 2398, [N/A], 54.61, 71 | 112196 827
2026-08-30T05:57:53Z 96, 2398, [N/A], 61.10, 71 | 112177 827
2026-08-30T05:57:58Z 96, 2398, [N/A], 61.12, 72 | 112141 827
2026-08-30T05:58:03Z 96, 2398, [N/A], 54.94, 77 | 112168 827
2026-08-30T05:58:08Z 96, 2398, [N/A], 63.06, 74 | 112165 827
2026-08-30T05:58:13Z 96, 2398, [N/A], 65.65, 71 | 112187 827
2026-08-30T05:58:18Z 96, 2405, [N/A], 55.98, 72 | 112166 827
2026-08-30T05:58:23Z 96, 2398, [N/A], 66.04, 73 | 112169 827
2026-08-30T05:58:29Z 96, 2398, [N/A], 66.93, 71 | 112179 827
2026-08-30T05:58:34Z 96, 2398, [N/A], 66.28, 72 | 112170 827
2026-08-30T05:58:39Z 96, 2398, [N/A], 61.30, 73 | 112155 827
2026-08-30T05:58:44Z 96, 2398, [N/A], 64.19, 73 | 112187 827
2026-08-30T05:58:49Z 96, 2398, [N/A], 63.41, 73 | 112182 827
2026-08-30T05:58:54Z 96, 2398, [N/A], 60.97, 73 | 112206 827
2026-08-30T05:58:59Z 96, 2398, [N/A], 60.72, 71 | 112171 827
2026-08-30T05:59:04Z 96, 2392, [N/A], 57.30, 73 | 112155 827
2026-08-30T05:59:09Z 96, 2398, [N/A], 63.41, 76 | 112162 827
2026-08-30T05:59:14Z 96, 2398, [N/A], 64.75, 73 | 112158 827
2026-08-30T05:59:19Z 96, 2398, [N/A], 54.87, 71 | 112134 827
2026-08-30T05:59:24Z 96, 2398, [N/A], 67.03, 74 | 112168 827
2026-08-30T05:59:29Z 96, 2398, [N/A], 65.53, 73 | 112153 827
2026-08-30T05:59:35Z 96, 2398, [N/A], 64.84, 71 | 112177 827
2026-08-30T05:59:40Z 96, 2398, [N/A], 59.80, 77 | 112179 827
2026-08-30T05:59:45Z 96, 2398, [N/A], 63.90, 73 | 112157 827
2026-08-30T05:59:50Z 96, 2398, [N/A], 65.97, 73 | 112165 827
2026-08-30T05:59:55Z 96, 2398, [N/A], 59.24, 70 | 112175 827
2026-08-30T06:00:00Z 96, 2398, [N/A], 60.48, 71 | 112159 827
2026-08-30T06:00:05Z 96, 2398, [N/A], 59.86, 73 | 112198 827
2026-08-30T06:00:10Z 96, 2398, [N/A], 61.83, 77 | 112186 827
2026-08-30T06:00:15Z 96, 2398, [N/A], 61.60, 76 | 112196 827
2026-08-30T06:00:20Z 96, 2398, [N/A], 60.45, 75 | 112190 827
2026-08-30T06:00:25Z 96, 2398, [N/A], 64.57, 75 | 112180 827
2026-08-30T06:00:31Z 96, 2398, [N/A], 65.22, 74 | 112173 827
2026-08-30T06:00:36Z 96, 2398, [N/A], 66.47, 74 | 112184 827
2026-08-30T06:00:41Z 96, 2379, [N/A], 69.26, 73 | 112172 827
2026-08-30T06:00:46Z 96, 2398, [N/A], 62.82, 77 | 112176 827
2026-08-30T06:00:51Z 96, 2398, [N/A], 65.57, 75 | 112191 827
2026-08-30T06:00:56Z 96, 2398, [N/A], 76.14, 77 | 112195 827
2026-08-30T06:01:01Z 96, 2398, [N/A], 59.82, 73 | 112186 827
2026-08-30T06:01:06Z 96, 2398, [N/A], 59.67, 72 | 112168 827
2026-08-30T06:01:11Z 96, 2398, [N/A], 59.46, 77 | 112174 827
2026-08-30T06:01:16Z 96, 2398, [N/A], 61.34, 77 | 112195 827
2026-08-30T06:01:21Z 96, 2398, [N/A], 60.77, 77 | 112186 827
2026-08-30T06:01:27Z 96, 2398, [N/A], 65.80, 72 | 112145 827
2026-08-30T06:01:32Z 96, 2405, [N/A], 67.39, 78 | 112166 827
2026-08-30T06:01:37Z 96, 2398, [N/A], 64.83, 75 | 112147 827
2026-08-30T06:01:42Z 96, 2398, [N/A], 79.66, 78 | 112147 827
2026-08-30T06:01:47Z 96, 2398, [N/A], 63.07, 73 | 112148 827
2026-08-30T06:01:52Z 96, 2398, [N/A], 65.97, 73 | 112162 827
2026-08-30T06:01:57Z 96, 2398, [N/A], 47.95, 71 | 112179 827
2026-08-30T06:02:02Z 96, 2398, [N/A], 65.23, 76 | 112158 827
2026-08-30T06:02:07Z 96, 2398, [N/A], 59.27, 75 | 112160 827
2026-08-30T06:02:12Z 96, 2398, [N/A], 67.75, 74 | 112182 827
2026-08-30T06:02:17Z 96, 2398, [N/A], 60.68, 74 | 112184 827
2026-08-30T06:02:22Z 96, 2398, [N/A], 60.16, 72 | 112182 827
2026-08-30T06:02:28Z 96, 2392, [N/A], 65.82, 75 | 112163 827
2026-08-30T06:02:33Z 96, 2398, [N/A], 64.35, 78 | 112173 827
2026-08-30T06:02:38Z 96, 2398, [N/A], 63.21, 74 | 112157 827
2026-08-30T06:02:43Z 96, 2398, [N/A], 58.42, 71 | 112152 827
2026-08-30T06:02:48Z 96, 2398, [N/A], 64.31, 77 | 112185 827
2026-08-30T06:02:53Z 96, 2398, [N/A], 65.42, 73 | 112166 827
2026-08-30T06:02:58Z 96, 2398, [N/A], 74.87, 78 | 112184 827
2026-08-30T06:03:03Z 96, 2398, [N/A], 37.50, 70 | 112196 827
2026-08-30T06:03:08Z 96, 2398, [N/A], 36.89, 69 | 112200 827
2026-08-30T06:03:13Z 96, 2398, [N/A], 32.46, 67 | 112184 827
2026-08-30T06:03:18Z 96, 2392, [N/A], 58.20, 73 | 112189 827
2026-08-30T06:03:23Z 96, 2398, [N/A], 55.78, 72 | 112169 827
2026-08-30T06:03:29Z 96, 2398, [N/A], 65.43, 74 | 112169 827
2026-08-30T06:03:34Z 96, 2398, [N/A], 60.48, 71 | 112162 827
2026-08-30T06:03:39Z 96, 2392, [N/A], 56.14, 71 | 112150 827
2026-08-30T06:03:44Z 96, 2398, [N/A], 64.77, 76 | 112165 827
2026-08-30T06:03:49Z 96, 2398, [N/A], 64.94, 70 | 112136 827
2026-08-30T06:03:54Z 96, 2398, [N/A], 62.73, 76 | 112145 827
2026-08-30T06:03:59Z 96, 2398, [N/A], 65.94, 72 | 112125 827
2026-08-30T06:04:04Z 96, 2398, [N/A], 66.48, 72 | 112128 827
2026-08-30T06:04:09Z 96, 2398, [N/A], 66.22, 71 | 112156 827
2026-08-30T06:04:14Z 96, 2398, [N/A], 74.75, 78 | 112174 827
2026-08-30T06:04:19Z 96, 2398, [N/A], 62.22, 73 | 112173 827
2026-08-30T06:04:24Z 96, 2398, [N/A], 59.65, 73 | 112171 827
2026-08-30T06:04:30Z 96, 2398, [N/A], 61.29, 77 | 112168 827
2026-08-30T06:04:35Z 96, 2398, [N/A], 61.13, 71 | 112153 827
2026-08-30T06:04:40Z 96, 2405, [N/A], 54.80, 71 | 112172 827
2026-08-30T06:04:45Z 96, 2398, [N/A], 62.46, 74 | 112172 827
2026-08-30T06:04:50Z 96, 2398, [N/A], 63.78, 75 | 112173 827
2026-08-30T06:04:55Z 96, 2398, [N/A], 57.18, 77 | 112193 827
2026-08-30T06:05:00Z 96, 2398, [N/A], 66.97, 76 | 112173 827
2026-08-30T06:05:05Z 96, 2398, [N/A], 66.98, 73 | 112161 827
2026-08-30T06:05:10Z 96, 2398, [N/A], 65.87, 70 | 112182 827
2026-08-30T06:05:15Z 96, 2398, [N/A], 59.33, 75 | 112179 827
2026-08-30T06:05:20Z 96, 2398, [N/A], 59.66, 74 | 112171 827
2026-08-30T06:05:25Z 96, 2398, [N/A], 54.77, 72 | 112172 827
2026-08-30T06:05:31Z 96, 2398, [N/A], 61.42, 75 | 112187 827
2026-08-30T06:05:36Z 96, 2398, [N/A], 61.49, 75 | 112183 827
2026-08-30T06:05:41Z 96, 2398, [N/A], 55.56, 71 | 112163 827
2026-08-30T06:05:46Z 96, 2398, [N/A], 62.42, 77 | 112179 827
2026-08-30T06:05:51Z 96, 2405, [N/A], 62.39, 76 | 112205 827
2026-08-30T06:05:56Z 96, 2405, [N/A], 48.29, 71 | 112180 827
2026-08-30T06:06:01Z 96, 2398, [N/A], 66.67, 77 | 112190 827
2026-08-30T06:06:06Z 96, 2398, [N/A], 65.78, 75 | 112178 827
2026-08-30T06:06:11Z 96, 2398, [N/A], 55.07, 71 | 112180 827
2026-08-30T06:06:16Z 96, 2398, [N/A], 65.56, 71 | 112175 827
2026-08-30T06:06:21Z 96, 2398, [N/A], 62.46, 72 | 112202 827
2026-08-30T06:06:26Z 96, 2398, [N/A], 59.61, 71 | 112197 827
2026-08-30T06:06:32Z 96, 2398, [N/A], 65.04, 72 | 112216 827
2026-08-30T06:06:37Z 96, 2398, [N/A], 59.63, 72 | 112184 827
2026-08-30T06:06:42Z 96, 2392, [N/A], 54.01, 74 | 112173 827
2026-08-30T06:06:47Z 96, 2398, [N/A], 61.32, 74 | 112180 827
2026-08-30T06:06:52Z 96, 2398, [N/A], 61.40, 72 | 112161 827
2026-08-30T06:06:57Z 96, 2392, [N/A], 55.70, 71 | 112151 827
2026-08-30T06:07:02Z 96, 2398, [N/A], 67.01, 70 | 112157 827
2026-08-30T06:07:07Z 96, 2398, [N/A], 63.53, 72 | 112174 827
2026-08-30T06:07:12Z 96, 2398, [N/A], 58.27, 71 | 112167 827
2026-08-30T06:07:17Z 96, 2398, [N/A], 65.18, 72 | 112182 827
2026-08-30T06:07:23Z 96, 2398, [N/A], 66.99, 71 | 112163 827
2026-08-30T06:07:28Z 96, 2398, [N/A], 65.71, 71 | 112154 827
2026-08-30T06:07:33Z 96, 2398, [N/A], 60.81, 70 | 112170 827
2026-08-30T06:07:38Z 96, 2398, [N/A], 60.20, 73 | 112169 827
2026-08-30T06:07:43Z 96, 2398, [N/A], 52.06, 71 | 112177 827
2026-08-30T06:07:48Z 96, 2398, [N/A], 66.54, 76 | 112161 827
2026-08-30T06:07:53Z 96, 2398, [N/A], 60.04, 72 | 112173 827
2026-08-30T06:07:58Z 96, 2392, [N/A], 54.67, 71 | 112201 827
2026-08-30T06:08:03Z 96, 2398, [N/A], 62.28, 76 | 112178 827
2026-08-30T06:08:08Z 96, 2398, [N/A], 65.63, 72 | 112162 827
2026-08-30T06:08:13Z 96, 2398, [N/A], 49.98, 71 | 112189 827
2026-08-30T06:08:18Z 96, 2398, [N/A], 66.69, 77 | 112195 827
2026-08-30T06:08:23Z 96, 2398, [N/A], 66.98, 77 | 112211 827
2026-08-30T06:08:28Z 96, 2398, [N/A], 66.19, 76 | 112200 827
2026-08-30T06:08:33Z 96, 2398, [N/A], 58.35, 72 | 112203 827
2026-08-30T06:08:39Z 96, 2398, [N/A], 58.12, 72 | 112184 827
2026-08-30T06:08:44Z 96, 2398, [N/A], 50.94, 70 | 112186 827
2026-08-30T06:08:49Z 96, 2398, [N/A], 61.38, 73 | 112210 827
2026-08-30T06:08:54Z 96, 2398, [N/A], 60.57, 71 | 112185 827
2026-08-30T06:08:59Z 96, 2392, [N/A], 54.93, 72 | 112192 827
2026-08-30T06:09:04Z 96, 2405, [N/A], 62.96, 72 | 112199 827
2026-08-30T06:09:09Z 96, 2398, [N/A], 62.43, 74 | 112177 827
2026-08-30T06:09:14Z 96, 2392, [N/A], 48.76, 71 | 112179 827
2026-08-30T06:09:19Z 96, 2398, [N/A], 66.06, 77 | 112198 827
2026-08-30T06:09:24Z 96, 2398, [N/A], 66.56, 74 | 112149 827
2026-08-30T06:09:29Z 96, 2398, [N/A], 61.98, 71 | 112161 827
2026-08-30T06:09:34Z 96, 2398, [N/A], 60.93, 71 | 112173 827
2026-08-30T06:09:40Z 96, 2398, [N/A], 63.16, 73 | 112169 827
2026-08-30T06:09:45Z 96, 2398, [N/A], 57.51, 71 | 112145 827
2026-08-30T06:09:50Z 96, 2398, [N/A], 60.08, 74 | 112140 827
2026-08-30T06:09:55Z 96, 2398, [N/A], 60.74, 73 | 112147 827
2026-08-30T06:10:00Z 96, 2392, [N/A], 54.05, 71 | 112157 827
2026-08-30T06:10:05Z 96, 2398, [N/A], 62.43, 72 | 112175 827
2026-08-30T06:10:10Z 96, 2398, [N/A], 61.62, 72 | 112163 827
2026-08-30T06:10:15Z 96, 2392, [N/A], 50.18, 71 | 112164 827
2026-08-30T06:10:20Z 96, 2398, [N/A], 65.97, 72 | 112149 827
2026-08-30T06:10:25Z 96, 2398, [N/A], 66.88, 72 | 112164 827
2026-08-30T06:10:30Z 96, 2392, [N/A], 55.36, 71 | 112174 827
2026-08-30T06:10:35Z 96, 2398, [N/A], 64.78, 74 | 112181 827
2026-08-30T06:10:40Z 96, 2398, [N/A], 63.75, 70 | 112179 827
2026-08-30T06:10:45Z 96, 2398, [N/A], 66.19, 77 | 112179 827
2026-08-30T06:10:51Z 96, 2398, [N/A], 63.10, 77 | 112174 827
2026-08-30T06:10:56Z 96, 2398, [N/A], 59.75, 70 | 112189 827
2026-08-30T06:11:01Z 96, 2398, [N/A], 55.86, 72 | 112168 827
2026-08-30T06:11:06Z 96, 2405, [N/A], 60.23, 76 | 112170 827
2026-08-30T06:11:11Z 96, 2398, [N/A], 66.72, 71 | 112185 827
2026-08-30T06:11:16Z 96, 2392, [N/A], 54.21, 71 | 112197 827
2026-08-30T06:11:21Z 96, 2398, [N/A], 62.65, 71 | 112177 827
2026-08-30T06:11:26Z 96, 2398, [N/A], 63.66, 77 | 112174 827
2026-08-30T06:11:31Z 96, 2398, [N/A], 58.00, 77 | 112152 827
2026-08-30T06:11:36Z 96, 2398, [N/A], 67.27, 77 | 112165 827
2026-08-30T06:11:41Z 96, 2398, [N/A], 68.00, 77 | 112162 827
2026-08-30T06:11:47Z 96, 2398, [N/A], 66.94, 73 | 112188 827
2026-08-30T06:11:52Z 96, 2398, [N/A], 67.49, 71 | 112199 827
2026-08-30T06:11:57Z 96, 2398, [N/A], 58.80, 74 | 112185 827
2026-08-30T06:12:02Z 96, 2398, [N/A], 59.62, 72 | 112172 827
2026-08-30T06:12:07Z 96, 2398, [N/A], 60.93, 72 | 112182 827
2026-08-30T06:12:12Z 96, 2398, [N/A], 59.48, 76 | 112184 827
2026-08-30T06:12:17Z 96, 2392, [N/A], 54.09, 77 | 112170 827
2026-08-30T06:12:22Z 96, 2398, [N/A], 61.91, 72 | 112176 827
2026-08-30T06:12:27Z 96, 2398, [N/A], 62.36, 77 | 112164 827
2026-08-30T06:12:32Z 96, 2398, [N/A], 55.67, 72 | 112186 827
2026-08-30T06:12:37Z 96, 2398, [N/A], 66.11, 75 | 112169 827
2026-08-30T06:12:42Z 96, 2398, [N/A], 66.73, 72 | 112183 827
2026-08-30T06:12:47Z 96, 2398, [N/A], 65.90, 72 | 112180 827
2026-08-30T06:12:52Z 96, 2398, [N/A], 58.94, 76 | 112194 827
2026-08-30T06:12:58Z 96, 2398, [N/A], 61.79, 72 | 112193 827
2026-08-30T06:13:03Z 96, 2392, [N/A], 61.32, 76 | 112159 827
2026-08-30T06:13:08Z 96, 2398, [N/A], 61.04, 71 | 112173 827
2026-08-30T06:13:13Z 96, 2398, [N/A], 61.78, 71 | 112205 827
2026-08-30T06:13:18Z 96, 2398, [N/A], 57.61, 71 | 112177 827
2026-08-30T06:13:23Z 96, 2398, [N/A], 62.23, 73 | 112182 827
2026-08-30T06:13:28Z 96, 2398, [N/A], 61.86, 71 | 112180 827
2026-08-30T06:13:33Z 96, 2398, [N/A], 56.56, 72 | 112174 827
2026-08-30T06:13:38Z 96, 2398, [N/A], 64.80, 74 | 112166 827
2026-08-30T06:13:43Z 96, 2398, [N/A], 67.14, 72 | 112185 827
2026-08-30T06:13:48Z 96, 2398, [N/A], 64.25, 77 | 112173 827
2026-08-30T06:13:53Z 96, 2398, [N/A], 63.82, 73 | 112173 827
2026-08-30T06:13:59Z 96, 2405, [N/A], 62.11, 77 | 112170 827
2026-08-30T06:14:04Z 96, 2392, [N/A], 78.66, 76 | 112187 827
2026-08-30T06:14:09Z 96, 2398, [N/A], 64.78, 70 | 112200 827
2026-08-30T06:14:14Z 96, 2398, [N/A], 35.26, 68 | 112183 827
2026-08-30T06:14:19Z 96, 2398, [N/A], 32.22, 67 | 112168 827
2026-08-30T06:14:24Z 96, 2392, [N/A], 52.12, 72 | 112169 827
2026-08-30T06:14:29Z 96, 2392, [N/A], 55.73, 68 | 112171 827
2026-08-30T06:14:34Z 96, 2398, [N/A], 47.97, 69 | 112177 827
2026-08-30T06:14:39Z 96, 2398, [N/A], 60.46, 69 | 112153 827
2026-08-30T06:14:44Z 96, 2392, [N/A], 58.89, 70 | 112164 827
2026-08-30T06:14:49Z 96, 2385, [N/A], 69.48, 70 | 112153 827
2026-08-30T06:14:54Z 96, 2392, [N/A], 67.29, 73 | 112174 827
2026-08-30T06:14:59Z 96, 2398, [N/A], 64.01, 74 | 112167 827
2026-08-30T06:15:05Z 96, 2392, [N/A], 57.83, 70 | 112144 827
2026-08-30T06:15:10Z 96, 2398, [N/A], 67.61, 74 | 112158 827
2026-08-30T06:15:15Z 96, 2398, [N/A], 67.34, 72 | 112180 827
2026-08-30T06:15:20Z 96, 2398, [N/A], 65.89, 71 | 112148 827
2026-08-30T06:15:25Z 96, 2398, [N/A], 67.93, 72 | 112173 827
2026-08-30T06:15:30Z 96, 2398, [N/A], 70.93, 77 | 112158 827
2026-08-30T06:15:35Z 96, 2398, [N/A], 66.72, 73 | 112173 827
2026-08-30T06:15:40Z 96, 2392, [N/A], 59.79, 71 | 112191 827
2026-08-30T06:15:45Z 96, 2398, [N/A], 72.90, 77 | 112172 827
2026-08-30T06:15:50Z 96, 2398, [N/A], 75.67, 77 | 112182 827
2026-08-30T06:15:55Z 96, 2398, [N/A], 74.58, 73 | 112175 827
2026-08-30T06:16:00Z 96, 2398, [N/A], 74.11, 74 | 112174 827
2026-08-30T06:16:05Z 96, 2392, [N/A], 79.68, 77 | 112181 827
2026-08-30T06:16:10Z 96, 2398, [N/A], 30.53, 68 | 112198 827
2026-08-30T06:16:16Z 96, 2398, [N/A], 30.13, 67 | 112193 827
2026-08-30T06:16:21Z 96, 2398, [N/A], 56.76, 74 | 112172 827
2026-08-30T06:16:26Z 96, 2398, [N/A], 57.35, 73 | 112184 827
2026-08-30T06:16:31Z 96, 2398, [N/A], 60.47, 71 | 112156 827
2026-08-30T06:16:36Z 96, 2392, [N/A], 60.64, 70 | 112169 827
2026-08-30T06:16:41Z 96, 2398, [N/A], 53.12, 70 | 112202 827
2026-08-30T06:16:46Z 96, 2398, [N/A], 62.99, 76 | 112207 827
2026-08-30T06:16:51Z 96, 2398, [N/A], 66.21, 71 | 112182 827
2026-08-30T06:16:56Z 96, 2392, [N/A], 57.72, 71 | 112168 827
2026-08-30T06:17:01Z 96, 2398, [N/A], 67.65, 73 | 112173 827
2026-08-30T06:17:06Z 96, 2398, [N/A], 67.80, 74 | 112158 827
2026-08-30T06:17:11Z 96, 2398, [N/A], 67.59, 77 | 112161 827
2026-08-30T06:17:17Z 96, 2372, [N/A], 68.66, 72 | 112165 827
2026-08-30T06:17:22Z 96, 2398, [N/A], 71.92, 77 | 112162 827
2026-08-30T06:17:27Z 96, 2398, [N/A], 67.13, 73 | 112160 827
2026-08-30T06:17:32Z 96, 2392, [N/A], 68.46, 70 | 112168 827
2026-08-30T06:17:37Z 96, 2398, [N/A], 66.95, 77 | 112143 827
2026-08-30T06:17:42Z 96, 2398, [N/A], 71.21, 77 | 112157 827
2026-08-30T06:17:47Z 96, 2398, [N/A], 73.74, 78 | 112170 827
2026-08-30T06:17:52Z 96, 2398, [N/A], 74.03, 78 | 112164 827
2026-08-30T06:17:57Z 96, 2398, [N/A], 81.11, 74 | 112162 827
2026-08-30T06:18:02Z 96, 2392, [N/A], 80.78, 76 | 112182 827
2026-08-30T06:18:07Z 96, 2398, [N/A], 30.51, 68 | 112196 827
2026-08-30T06:18:12Z 96, 2398, [N/A], 30.21, 67 | 112178 827
2026-08-30T06:18:17Z 96, 2398, [N/A], 56.09, 71 | 112175 827
2026-08-30T06:18:22Z 96, 2398, [N/A], 58.91, 69 | 112172 827
2026-08-30T06:18:27Z 96, 2398, [N/A], 60.01, 71 | 112168 827
2026-08-30T06:18:32Z 96, 2398, [N/A], 61.94, 72 | 112173 827
2026-08-30T06:18:37Z 96, 2392, [N/A], 50.81, 69 | 112205 827
2026-08-30T06:18:43Z 96, 2405, [N/A], 64.23, 72 | 112199 827
2026-08-30T06:18:48Z 96, 2392, [N/A], 64.84, 72 | 112162 827
2026-08-30T06:18:53Z 96, 2398, [N/A], 60.66, 73 | 112168 827
2026-08-30T06:18:58Z 96, 2398, [N/A], 67.77, 70 | 112196 827
2026-08-30T06:19:03Z 96, 2398, [N/A], 67.77, 72 | 112184 827
2026-08-30T06:19:08Z 96, 2398, [N/A], 67.39, 72 | 112172 827
2026-08-30T06:19:13Z 96, 2398, [N/A], 77.03, 72 | 112177 827
2026-08-30T06:19:18Z 96, 2398, [N/A], 71.98, 77 | 112190 827
2026-08-30T06:19:23Z 96, 2398, [N/A], 67.18, 72 | 112190 827
2026-08-30T06:19:28Z 96, 2398, [N/A], 71.61, 77 | 112180 827
2026-08-30T06:19:33Z 96, 2392, [N/A], 77.02, 71 | 112167 827
2026-08-30T06:19:38Z 96, 2398, [N/A], 71.83, 75 | 112158 827
2026-08-30T06:19:44Z 96, 2398, [N/A], 67.52, 72 | 112173 827
2026-08-30T06:19:49Z 96, 2398, [N/A], 67.82, 73 | 112165 827
2026-08-30T06:19:54Z 96, 2398, [N/A], 67.12, 76 | 112166 827
2026-08-30T06:19:59Z 96, 2392, [N/A], 80.98, 74 | 112176 827
2026-08-30T06:20:04Z 96, 2398, [N/A], 30.26, 68 | 112168 827
2026-08-30T06:20:09Z 96, 2398, [N/A], 56.27, 73 | 112150 827
2026-08-30T06:20:14Z 96, 2398, [N/A], 55.78, 71 | 112161 827
2026-08-30T06:20:19Z 96, 2398, [N/A], 59.51, 72 | 112169 827
2026-08-30T06:20:24Z 96, 2398, [N/A], 60.97, 74 | 112129 827
2026-08-30T06:20:29Z 96, 2398, [N/A], 63.74, 73 | 112155 827
2026-08-30T06:20:34Z 96, 2398, [N/A], 63.38, 73 | 112176 827
2026-08-30T06:20:39Z 96, 2398, [N/A], 62.99, 71 | 112164 827
2026-08-30T06:20:44Z 96, 2392, [N/A], 64.34, 72 | 112167 827
2026-08-30T06:20:49Z 96, 2398, [N/A], 68.15, 72 | 112164 827
2026-08-30T06:20:55Z 96, 2398, [N/A], 68.01, 72 | 112158 827
2026-08-30T06:21:00Z 96, 2398, [N/A], 67.00, 72 | 112179 827
2026-08-30T06:21:05Z 96, 2392, [N/A], 48.05, 70 | 112185 827
2026-08-30T06:21:10Z 96, 2398, [N/A], 68.50, 71 | 112177 827
2026-08-30T06:21:15Z 96, 2398, [N/A], 72.28, 76 | 112178 827
2026-08-30T06:21:20Z 96, 2398, [N/A], 70.09, 71 | 112201 827
2026-08-30T06:21:25Z 96, 2398, [N/A], 69.77, 72 | 112192 827
2026-08-30T06:21:30Z 96, 2398, [N/A], 68.14, 74 | 112190 827
2026-08-30T06:21:35Z 96, 2398, [N/A], 67.96, 72 | 112194 827
2026-08-30T06:21:40Z 96, 2398, [N/A], 67.14, 72 | 112168 827
2026-08-30T06:21:45Z 96, 2405, [N/A], 64.51, 71 | 112167 827
2026-08-30T06:21:50Z 96, 2392, [N/A], 81.15, 76 | 112176 827
2026-08-30T06:21:55Z 96, 2398, [N/A], 46.80, 70 | 112200 827
2026-08-30T06:22:00Z 96, 2398, [N/A], 30.21, 68 | 112177 827
2026-08-30T06:22:05Z 96, 2398, [N/A], 58.70, 74 | 112172 827
2026-08-30T06:22:11Z 96, 2398, [N/A], 55.83, 73 | 112170 827
2026-08-30T06:22:16Z 95, 2392, [N/A], 63.53, 71 | 112191 827
2026-08-30T06:22:21Z 96, 2398, [N/A], 59.45, 74 | 112181 827
2026-08-30T06:22:26Z 96, 2398, [N/A], 63.50, 72 | 112182 827
2026-08-30T06:22:31Z 96, 2398, [N/A], 63.97, 70 | 112169 827
2026-08-30T06:22:36Z 96, 2398, [N/A], 67.96, 77 | 112180 827
2026-08-30T06:22:41Z 96, 2398, [N/A], 63.77, 72 | 112189 827
2026-08-30T06:22:46Z 96, 2398, [N/A], 67.55, 72 | 112162 827
2026-08-30T06:22:51Z 96, 2398, [N/A], 67.68, 73 | 112186 827
2026-08-30T06:22:56Z 96, 2398, [N/A], 67.63, 77 | 112181 827
2026-08-30T06:23:01Z 96, 2398, [N/A], 48.11, 72 | 112187 827
2026-08-30T06:23:07Z 96, 2398, [N/A], 71.25, 72 | 112184 827
2026-08-30T06:23:12Z 96, 2398, [N/A], 68.91, 77 | 112173 827
2026-08-30T06:23:17Z 96, 2398, [N/A], 72.04, 72 | 112178 827
2026-08-30T06:23:22Z 96, 2405, [N/A], 67.84, 77 | 112174 827
2026-08-30T06:23:27Z 96, 2398, [N/A], 67.99, 72 | 112205 827
2026-08-30T06:23:32Z 96, 2398, [N/A], 68.14, 72 | 112189 827
2026-08-30T06:23:37Z 96, 2398, [N/A], 67.59, 71 | 112177 827
2026-08-30T06:23:42Z 96, 2398, [N/A], 68.71, 78 | 112162 827
2026-08-30T06:23:47Z 96, 2392, [N/A], 79.53, 75 | 112205 827
2026-08-30T06:23:52Z 96, 2398, [N/A], 30.35, 68 | 112171 827
2026-08-30T06:23:57Z 96, 2392, [N/A], 55.57, 70 | 112171 827
2026-08-30T06:24:02Z 96, 2398, [N/A], 58.77, 71 | 112175 827
2026-08-30T06:24:07Z 96, 2398, [N/A], 48.20, 70 | 112167 827
2026-08-30T06:24:12Z 96, 2398, [N/A], 59.21, 71 | 112194 827
2026-08-30T06:24:18Z 96, 2398, [N/A], 59.48, 69 | 112190 827
2026-08-30T06:24:23Z 96, 2372, [N/A], 68.40, 71 | 112176 827
2026-08-30T06:24:28Z 96, 2398, [N/A], 66.20, 75 | 112177 827
2026-08-30T06:24:33Z 96, 2398, [N/A], 63.35, 73 | 112186 827
2026-08-30T06:24:38Z 96, 2392, [N/A], 58.91, 76 | 112177 827
2026-08-30T06:24:43Z 96, 2398, [N/A], 67.63, 72 | 112193 827
2026-08-30T06:24:48Z 96, 2398, [N/A], 67.38, 71 | 112195 827
2026-08-30T06:24:53Z 96, 2392, [N/A], 65.34, 71 | 112192 827
2026-08-30T06:24:58Z 96, 2405, [N/A], 67.94, 77 | 112191 827
2026-08-30T06:25:03Z 96, 2398, [N/A], 71.32, 73 | 112207 827
2026-08-30T06:25:08Z 96, 2398, [N/A], 67.17, 74 | 112196 827
2026-08-30T06:25:13Z 96, 2398, [N/A], 62.36, 77 | 112225 827
2026-08-30T06:25:18Z 96, 2398, [N/A], 74.46, 78 | 112235 827
2026-08-30T06:25:23Z 96, 2398, [N/A], 76.03, 78 | 112221 827
2026-08-30T06:25:28Z 96, 2398, [N/A], 74.21, 78 | 112209 827
2026-08-30T06:25:34Z 96, 2398, [N/A], 75.36, 78 | 112197 827
2026-08-30T06:25:39Z 96, 2392, [N/A], 79.80, 77 | 112192 827
2026-08-30T06:25:44Z 96, 2398, [N/A], 81.68, 78 | 112188 827
2026-08-30T06:25:49Z 96, 2398, [N/A], 30.30, 68 | 112189 827
2026-08-30T06:25:54Z 0, 2398, [N/A], 17.88, 64 | 112195 827
2026-08-30T06:25:59Z 96, 2398, [N/A], 55.94, 70 | 112168 827
2026-08-30T06:26:04Z 96, 2392, [N/A], 51.34, 70 | 112160 827
2026-08-30T06:26:09Z 96, 2398, [N/A], 61.14, 71 | 112162 827
2026-08-30T06:26:14Z 96, 2392, [N/A], 58.94, 72 | 112153 827
2026-08-30T06:26:19Z 96, 2392, [N/A], 50.08, 70 | 112149 827
2026-08-30T06:26:24Z 96, 2398, [N/A], 67.18, 75 | 112154 827
2026-08-30T06:26:29Z 96, 2398, [N/A], 62.56, 72 | 112156 827
2026-08-30T06:26:34Z 96, 2405, [N/A], 57.54, 70 | 112163 827
2026-08-30T06:26:40Z 96, 2398, [N/A], 67.25, 72 | 112159 827
2026-08-30T06:26:45Z 96, 2398, [N/A], 67.33, 70 | 112172 827
2026-08-30T06:26:50Z 96, 2398, [N/A], 67.21, 74 | 112167 827
2026-08-30T06:26:55Z 96, 2398, [N/A], 66.26, 72 | 112165 827
2026-08-30T06:27:00Z 96, 2398, [N/A], 71.42, 72 | 112157 827
2026-08-30T06:27:05Z 96, 2398, [N/A], 67.46, 77 | 112161 827
2026-08-30T06:27:10Z 96, 2398, [N/A], 70.11, 73 | 112146 827
2026-08-30T06:27:15Z 96, 2398, [N/A], 76.18, 78 | 112153 827
2026-08-30T06:27:20Z 96, 2398, [N/A], 73.71, 75 | 112147 827
2026-08-30T06:27:25Z 96, 2398, [N/A], 70.08, 74 | 112152 827
2026-08-30T06:27:30Z 96, 2398, [N/A], 68.35, 74 | 112179 827
2026-08-30T06:27:35Z 96, 2398, [N/A], 81.86, 73 | 112177 827
2026-08-30T06:27:40Z 96, 2398, [N/A], 63.03, 74 | 112167 827
2026-08-30T06:27:45Z 96, 2398, [N/A], 60.52, 74 | 112169 827
2026-08-30T06:27:50Z 96, 2398, [N/A], 62.65, 71 | 112181 827
2026-08-30T06:27:56Z 96, 2398, [N/A], 66.04, 74 | 112170 827
2026-08-30T06:28:01Z 96, 2398, [N/A], 57.60, 72 | 112155 827
2026-08-30T06:28:06Z 96, 2398, [N/A], 63.49, 75 | 112160 827
2026-08-30T06:28:11Z 96, 2398, [N/A], 64.26, 77 | 112176 827
2026-08-30T06:28:16Z 96, 2398, [N/A], 59.16, 71 | 112179 827
2026-08-30T06:28:21Z 96, 2398, [N/A], 66.86, 71 | 112184 827
2026-08-30T06:28:26Z 96, 2398, [N/A], 67.29, 71 | 112202 827
2026-08-30T06:28:31Z 96, 2398, [N/A], 66.82, 71 | 112192 827
2026-08-30T06:28:36Z 96, 2398, [N/A], 73.79, 78 | 112192 827
2026-08-30T06:28:41Z 96, 2398, [N/A], 67.56, 70 | 112185 827
2026-08-30T06:28:46Z 96, 2398, [N/A], 71.45, 72 | 112191 827
2026-08-30T06:28:51Z 96, 2398, [N/A], 66.38, 77 | 112179 827
2026-08-30T06:28:56Z 96, 2398, [N/A], 66.04, 77 | 112198 827
2026-08-30T06:29:01Z 96, 2398, [N/A], 71.34, 78 | 112171 827
2026-08-30T06:29:06Z 96, 2398, [N/A], 75.53, 78 | 112177 827
2026-08-30T06:29:12Z 96, 2398, [N/A], 75.31, 78 | 112193 827
2026-08-30T06:29:17Z 96, 2398, [N/A], 82.63, 78 | 112178 827
2026-08-30T06:29:22Z 96, 2405, [N/A], 71.03, 78 | 112160 827
2026-08-30T06:29:27Z 96, 2392, [N/A], 78.40, 77 | 112162 827
2026-08-30T06:29:32Z 96, 2398, [N/A], 31.81, 69 | 112159 827
2026-08-30T06:29:37Z 96, 2398, [N/A], 31.50, 67 | 112165 827
2026-08-30T06:29:42Z 96, 2398, [N/A], 56.19, 72 | 112152 827
2026-08-30T06:29:47Z 96, 2398, [N/A], 56.06, 71 | 112151 827
2026-08-30T06:29:52Z 96, 2392, [N/A], 59.34, 76 | 112141 827
2026-08-30T06:29:57Z 96, 2398, [N/A], 59.99, 73 | 112151 827
2026-08-30T06:30:02Z 96, 2398, [N/A], 64.79, 72 | 112168 827
2026-08-30T06:30:07Z 96, 2398, [N/A], 64.25, 71 | 112168 827
2026-08-30T06:30:12Z 96, 2398, [N/A], 64.03, 77 | 112169 827
2026-08-30T06:30:17Z 96, 2398, [N/A], 63.89, 72 | 112178 827
2026-08-30T06:30:23Z 96, 2398, [N/A], 67.58, 72 | 112171 827
2026-08-30T06:30:28Z 96, 2398, [N/A], 68.04, 71 | 112178 827
2026-08-30T06:30:33Z 96, 2398, [N/A], 67.62, 74 | 112175 827
2026-08-30T06:30:38Z 96, 2398, [N/A], 47.38, 69 | 112186 827
2026-08-30T06:30:43Z 96, 2398, [N/A], 69.81, 71 | 112202 827
2026-08-30T06:30:48Z 96, 2398, [N/A], 71.41, 78 | 112204 827
2026-08-30T06:30:53Z 96, 2398, [N/A], 70.47, 73 | 112222 827
2026-08-30T06:30:58Z 96, 2398, [N/A], 68.88, 77 | 112193 827
2026-08-30T06:31:03Z 96, 2398, [N/A], 68.73, 72 | 112198 827
2026-08-30T06:31:08Z 96, 2398, [N/A], 68.11, 74 | 112197 827
2026-08-30T06:31:13Z 96, 2398, [N/A], 67.64, 72 | 112198 827
2026-08-30T06:31:18Z 96, 2398, [N/A], 64.59, 73 | 112193 827
2026-08-30T06:31:23Z 96, 2398, [N/A], 63.38, 77 | 112183 827
2026-08-30T06:31:28Z 96, 2398, [N/A], 61.14, 71 | 112209 827
2026-08-30T06:31:34Z 96, 2398, [N/A], 64.90, 76 | 112186 827
2026-08-30T06:31:39Z 96, 2398, [N/A], 63.30, 76 | 112176 827
2026-08-30T06:31:44Z 96, 2398, [N/A], 61.20, 77 | 112176 827
2026-08-30T06:31:49Z 96, 2385, [N/A], 66.80, 73 | 112188 827
2026-08-30T06:31:54Z 96, 2398, [N/A], 67.69, 72 | 112186 827
2026-08-30T06:31:59Z 96, 2398, [N/A], 65.72, 72 | 112203 827
2026-08-30T06:32:04Z 96, 2392, [N/A], 49.02, 71 | 112195 827
2026-08-30T06:32:09Z 96, 2398, [N/A], 66.64, 74 | 112190 827
2026-08-30T06:32:14Z 96, 2398, [N/A], 66.61, 73 | 112202 827
2026-08-30T06:32:19Z 96, 2398, [N/A], 63.86, 73 | 112194 827
2026-08-30T06:32:24Z 96, 2398, [N/A], 67.30, 72 | 112189 827
2026-08-30T06:32:29Z 96, 2405, [N/A], 68.91, 76 | 112208 827
2026-08-30T06:32:34Z 96, 2398, [N/A], 70.26, 75 | 112187 827
2026-08-30T06:32:40Z 96, 2398, [N/A], 65.96, 72 | 112202 827
2026-08-30T06:32:45Z 96, 2398, [N/A], 67.42, 72 | 112197 827
2026-08-30T06:32:50Z 96, 2398, [N/A], 67.28, 73 | 112193 827
2026-08-30T06:32:55Z 96, 2398, [N/A], 69.21, 78 | 112206 827
2026-08-30T06:33:00Z 96, 2398, [N/A], 56.84, 71 | 112207 827
2026-08-30T06:33:05Z 96, 2405, [N/A], 69.59, 76 | 112196 827
2026-08-30T06:33:10Z 96, 2398, [N/A], 71.35, 72 | 112185 827
2026-08-30T06:33:15Z 96, 2392, [N/A], 81.32, 77 | 112181 827
2026-08-30T06:33:20Z 96, 2398, [N/A], 69.58, 70 | 112180 827
2026-08-30T06:33:25Z 96, 2398, [N/A], 31.63, 68 | 112174 827
2026-08-30T06:33:30Z 96, 2398, [N/A], 56.74, 72 | 112206 827
2026-08-30T06:33:35Z 96, 2392, [N/A], 56.94, 71 | 112204 827
2026-08-30T06:33:40Z 96, 2392, [N/A], 57.51, 74 | 112175 827
2026-08-30T06:33:45Z 96, 2398, [N/A], 60.10, 75 | 112176 827
2026-08-30T06:33:50Z 96, 2398, [N/A], 59.66, 72 | 112174 827
2026-08-30T06:33:55Z 96, 2398, [N/A], 63.58, 72 | 112196 827
2026-08-30T06:34:01Z 96, 2398, [N/A], 67.61, 72 | 112181 827
2026-08-30T06:34:06Z 96, 2398, [N/A], 64.72, 72 | 112186 827
2026-08-30T06:34:11Z 96, 2385, [N/A], 68.72, 70 | 112204 827
2026-08-30T06:34:16Z 96, 2398, [N/A], 67.67, 73 | 112199 827
2026-08-30T06:34:21Z 96, 2398, [N/A], 67.59, 77 | 112180 827
2026-08-30T06:34:26Z 96, 2398, [N/A], 63.06, 77 | 112162 827
2026-08-30T06:34:31Z 96, 2398, [N/A], 68.10, 72 | 112175 827
2026-08-30T06:34:36Z 96, 2398, [N/A], 71.90, 78 | 112187 827
2026-08-30T06:34:41Z 96, 2398, [N/A], 67.14, 71 | 112196 827
2026-08-30T06:34:46Z 96, 2405, [N/A], 55.11, 71 | 112188 827
2026-08-30T06:34:51Z 96, 2398, [N/A], 67.83, 71 | 112169 827
2026-08-30T06:34:56Z 96, 2398, [N/A], 68.77, 74 | 112193 827
2026-08-30T06:35:01Z 96, 2398, [N/A], 68.63, 74 | 112200 827
2026-08-30T06:35:07Z 96, 2398, [N/A], 52.24, 72 | 112184 827
2026-08-30T06:35:12Z 96, 2398, [N/A], 59.69, 71 | 112190 827
2026-08-30T06:35:17Z 96, 2398, [N/A], 58.21, 71 | 112182 827
2026-08-30T06:35:22Z 96, 2398, [N/A], 51.53, 71 | 112193 827
2026-08-30T06:35:27Z 96, 2398, [N/A], 67.68, 73 | 112211 827
2026-08-30T06:35:32Z 96, 2398, [N/A], 67.20, 72 | 112181 827
2026-08-30T06:35:37Z 96, 2392, [N/A], 56.65, 72 | 112171 827
2026-08-30T06:35:42Z 96, 2398, [N/A], 63.63, 73 | 112159 827
2026-08-30T06:35:47Z 96, 2398, [N/A], 65.20, 77 | 112163 827
2026-08-30T06:35:52Z 96, 2392, [N/A], 48.53, 71 | 112162 827
2026-08-30T06:35:57Z 96, 2405, [N/A], 66.81, 75 | 112165 827
2026-08-30T06:36:02Z 96, 2398, [N/A], 67.04, 75 | 112162 827
2026-08-30T06:36:07Z 96, 2398, [N/A], 64.23, 78 | 112175 827
2026-08-30T06:36:13Z 96, 2398, [N/A], 66.83, 72 | 112168 827
2026-08-30T06:36:18Z 96, 2398, [N/A], 71.31, 78 | 112176 827
2026-08-30T06:36:23Z 96, 2398, [N/A], 67.51, 78 | 112195 827
2026-08-30T06:36:28Z 96, 2398, [N/A], 66.29, 75 | 112188 827
2026-08-30T06:36:33Z 96, 2398, [N/A], 73.06, 73 | 112176 827
2026-08-30T06:36:38Z 96, 2398, [N/A], 69.25, 71 | 112166 827
2026-08-30T06:36:43Z 96, 2398, [N/A], 67.05, 74 | 112169 827
2026-08-30T06:36:48Z 96, 2398, [N/A], 54.11, 72 | 112172 827
2026-08-30T06:36:53Z 96, 2398, [N/A], 71.61, 73 | 112173 827
2026-08-30T06:36:58Z 96, 2398, [N/A], 71.27, 73 | 112174 827
2026-08-30T06:37:03Z 96, 2385, [N/A], 80.86, 78 | 112176 827
2026-08-30T06:37:08Z 96, 2398, [N/A], 31.71, 68 | 112181 827
2026-08-30T06:37:13Z 96, 2398, [N/A], 31.39, 67 | 112183 827
2026-08-30T06:37:18Z 96, 2392, [N/A], 58.86, 71 | 112208 827
2026-08-30T06:37:24Z 96, 2392, [N/A], 53.78, 72 | 112214 827
2026-08-30T06:37:29Z 96, 2398, [N/A], 60.84, 71 | 112218 827
2026-08-30T06:37:34Z 96, 2398, [N/A], 62.61, 76 | 112204 827
2026-08-30T06:37:39Z 96, 2392, [N/A], 51.24, 69 | 112214 827
2026-08-30T06:37:44Z 96, 2398, [N/A], 64.80, 71 | 112195 827
2026-08-30T06:37:49Z 96, 2398, [N/A], 63.63, 75 | 112192 827
2026-08-30T06:37:54Z 96, 2398, [N/A], 57.56, 76 | 112199 827
2026-08-30T06:37:59Z 96, 2398, [N/A], 68.17, 72 | 112200 827
2026-08-30T06:38:04Z 96, 2398, [N/A], 68.38, 74 | 112179 827
2026-08-30T06:38:09Z 96, 2398, [N/A], 68.07, 76 | 112193 827
2026-08-30T06:38:15Z 96, 2398, [N/A], 67.98, 73 | 112195 827
2026-08-30T06:38:20Z 96, 2398, [N/A], 70.93, 78 | 112197 827
2026-08-30T06:38:25Z 96, 2398, [N/A], 67.32, 75 | 112218 827
2026-08-30T06:38:30Z 96, 2398, [N/A], 71.71, 71 | 112187 827
2026-08-30T06:38:35Z 96, 2398, [N/A], 74.22, 78 | 112201 827
2026-08-30T06:38:40Z 96, 2398, [N/A], 74.68, 78 | 112204 827
2026-08-30T06:38:45Z 96, 2398, [N/A], 73.81, 74 | 112196 827
2026-08-30T06:38:50Z 96, 2398, [N/A], 70.88, 76 | 112211 827
2026-08-30T06:38:55Z 95, 2385, [N/A], 80.77, 73 | 112216 827
2026-08-30T06:39:00Z 96, 2398, [N/A], 64.49, 77 | 112191 827
2026-08-30T06:39:05Z 96, 2398, [N/A], 59.04, 73 | 112193 827
2026-08-30T06:39:10Z 96, 2398, [N/A], 62.59, 71 | 112203 827
2026-08-30T06:39:16Z 96, 2398, [N/A], 63.67, 72 | 112179 827
2026-08-30T06:39:21Z 96, 2398, [N/A], 58.51, 72 | 112189 827
2026-08-30T06:39:26Z 96, 2398, [N/A], 67.99, 74 | 112182 827
2026-08-30T06:39:31Z 96, 2398, [N/A], 65.31, 74 | 112194 827
2026-08-30T06:39:36Z 96, 2398, [N/A], 64.67, 75 | 112198 827
2026-08-30T06:39:41Z 96, 2398, [N/A], 65.85, 75 | 112209 827
2026-08-30T06:39:46Z 96, 2398, [N/A], 66.56, 72 | 112198 827
2026-08-30T06:39:51Z 96, 2398, [N/A], 66.26, 73 | 112197 827
2026-08-30T06:39:56Z 96, 2398, [N/A], 56.69, 71 | 112215 827
2026-08-30T06:40:01Z 96, 2398, [N/A], 67.20, 73 | 112222 827
2026-08-30T06:40:06Z 96, 2405, [N/A], 69.97, 73 | 112178 827
2026-08-30T06:40:11Z 96, 2398, [N/A], 70.88, 78 | 112207 827
2026-08-30T06:40:16Z 96, 2398, [N/A], 75.84, 81 | 112196 827
2026-08-30T06:40:22Z 96, 2398, [N/A], 71.06, 74 | 112199 827
2026-08-30T06:40:27Z 96, 2398, [N/A], 67.50, 73 | 112214 827
2026-08-30T06:40:32Z 96, 2398, [N/A], 66.48, 71 | 112207 827
2026-08-30T06:40:37Z 96, 2398, [N/A], 73.65, 78 | 112224 827
2026-08-30T06:40:42Z 96, 2398, [N/A], 64.67, 78 | 112196 827
2026-08-30T06:40:47Z 96, 2398, [N/A], 69.61, 73 | 112185 827
2026-08-30T06:40:52Z 96, 2392, [N/A], 79.57, 77 | 112198 827
2026-08-30T06:40:57Z 96, 2398, [N/A], 31.94, 69 | 112181 827
2026-08-30T06:41:02Z 96, 2398, [N/A], 30.29, 67 | 112176 827
2026-08-30T06:41:07Z 96, 2398, [N/A], 58.71, 72 | 112179 827
2026-08-30T06:41:12Z 96, 2392, [N/A], 55.61, 72 | 112204 827
2026-08-30T06:41:17Z 96, 2398, [N/A], 64.09, 73 | 112190 827
2026-08-30T06:41:22Z 96, 2398, [N/A], 59.68, 71 | 112197 827
2026-08-30T06:41:27Z 96, 2398, [N/A], 55.24, 71 | 112159 827
2026-08-30T06:41:33Z 96, 2398, [N/A], 64.67, 77 | 112198 827
2026-08-30T06:41:38Z 96, 2398, [N/A], 67.06, 73 | 112208 827
2026-08-30T06:41:43Z 96, 2398, [N/A], 62.49, 77 | 112221 827
2026-08-30T06:41:48Z 96, 2398, [N/A], 68.40, 73 | 112188 827
2026-08-30T06:41:53Z 96, 2398, [N/A], 68.53, 75 | 112177 827
2026-08-30T06:41:58Z 96, 2398, [N/A], 67.88, 78 | 112178 827
2026-08-30T06:42:03Z 96, 2398, [N/A], 67.96, 78 | 112211 827
2026-08-30T06:42:08Z 96, 2398, [N/A], 71.08, 78 | 112197 827
2026-08-30T06:42:13Z 96, 2398, [N/A], 67.31, 74 | 112197 827
2026-08-30T06:42:18Z 96, 2398, [N/A], 71.80, 76 | 112208 827
2026-08-30T06:42:23Z 96, 2379, [N/A], 79.79, 80 | 112202 827
2026-08-30T06:42:28Z 96, 2398, [N/A], 74.84, 78 | 112200 827
2026-08-30T06:42:34Z 96, 2398, [N/A], 75.31, 77 | 112177 827
2026-08-30T06:42:39Z 96, 2398, [N/A], 74.11, 77 | 112216 827
2026-08-30T06:42:44Z 96, 2398, [N/A], 59.22, 73 | 112212 827
2026-08-30T06:42:49Z 96, 2398, [N/A], 63.16, 73 | 112202 827
2026-08-30T06:42:54Z 96, 2398, [N/A], 61.77, 73 | 112180 827
2026-08-30T06:42:59Z 96, 2398, [N/A], 70.23, 78 | 112192 827
2026-08-30T06:43:04Z 96, 2398, [N/A], 64.26, 76 | 112209 827
2026-08-30T06:43:09Z 96, 2398, [N/A], 62.18, 75 | 112198 827
2026-08-30T06:43:14Z 96, 2405, [N/A], 64.25, 72 | 112202 827
2026-08-30T06:43:19Z 96, 2398, [N/A], 63.34, 77 | 112222 827
2026-08-30T06:43:24Z 96, 2398, [N/A], 63.25, 74 | 112207 827
2026-08-30T06:43:29Z 96, 2398, [N/A], 66.41, 73 | 112202 827
2026-08-30T06:43:34Z 96, 2398, [N/A], 66.98, 71 | 112194 827
2026-08-30T06:43:40Z 96, 2398, [N/A], 66.22, 73 | 112175 827
2026-08-30T06:43:45Z 96, 2398, [N/A], 47.33, 73 | 112178 827
2026-08-30T06:43:50Z 96, 2398, [N/A], 67.31, 74 | 112187 827
2026-08-30T06:43:55Z 96, 2398, [N/A], 70.08, 78 | 112173 827
2026-08-30T06:44:00Z 96, 2398, [N/A], 66.99, 74 | 112164 827
2026-08-30T06:44:05Z 96, 2398, [N/A], 79.09, 78 | 112161 827
2026-08-30T06:44:10Z 96, 2398, [N/A], 68.80, 78 | 112165 827
2026-08-30T06:44:15Z 96, 2398, [N/A], 73.79, 79 | 112166 827
2026-08-30T06:44:20Z 96, 2398, [N/A], 73.86, 79 | 112167 827
2026-08-30T06:44:25Z 96, 2398, [N/A], 50.09, 72 | 112163 827
2026-08-30T06:44:30Z 96, 2405, [N/A], 71.04, 73 | 112157 827
2026-08-30T06:44:35Z 96, 2405, [N/A], 68.09, 72 | 112164 827
2026-08-30T06:44:40Z 96, 2398, [N/A], 32.06, 69 | 112165 827
2026-08-30T06:44:45Z 96, 2398, [N/A], 31.65, 68 | 112160 827
2026-08-30T06:44:50Z 96, 2398, [N/A], 58.87, 71 | 112173 827
2026-08-30T06:44:56Z 96, 2398, [N/A], 55.35, 70 | 112174 827
2026-08-30T06:45:01Z 96, 2398, [N/A], 60.15, 77 | 112162 827
2026-08-30T06:45:06Z 96, 2398, [N/A], 60.34, 72 | 112169 827
2026-08-30T06:45:11Z 96, 2398, [N/A], 63.93, 71 | 112188 827
2026-08-30T06:45:16Z 96, 2405, [N/A], 65.06, 71 | 112208 827
2026-08-30T06:45:21Z 96, 2398, [N/A], 64.91, 72 | 112195 827
2026-08-30T06:45:26Z 96, 2398, [N/A], 66.85, 71 | 112208 827
2026-08-30T06:45:31Z 96, 2398, [N/A], 67.94, 71 | 112212 827
2026-08-30T06:45:36Z 96, 2398, [N/A], 67.51, 75 | 112195 827
2026-08-30T06:45:41Z 96, 2398, [N/A], 67.26, 72 | 112170 827
2026-08-30T06:45:46Z 96, 2392, [N/A], 63.19, 77 | 112163 827
2026-08-30T06:45:51Z 96, 2398, [N/A], 67.67, 71 | 112179 827
2026-08-30T06:45:56Z 96, 2398, [N/A], 72.62, 77 | 112191 827
2026-08-30T06:46:02Z 96, 2398, [N/A], 67.58, 75 | 112207 827
2026-08-30T06:46:07Z 96, 2398, [N/A], 50.75, 72 | 112221 827
2026-08-30T06:46:12Z 96, 2405, [N/A], 69.48, 78 | 112198 827
2026-08-30T06:46:17Z 96, 2398, [N/A], 71.51, 78 | 112207 827
2026-08-30T06:46:22Z 96, 2398, [N/A], 73.47, 78 | 112211 827
2026-08-30T06:46:27Z 96, 2398, [N/A], 56.37, 72 | 112193 827
2026-08-30T06:46:32Z 96, 2398, [N/A], 59.53, 73 | 112184 827
2026-08-30T06:46:37Z 96, 2398, [N/A], 58.50, 77 | 112349 827
2026-08-30T06:46:42Z 96, 2398, [N/A], 51.63, 73 | 112295 827
2026-08-30T06:46:47Z 96, 2398, [N/A], 66.99, 77 | 112324 827
2026-08-30T06:46:52Z 96, 2398, [N/A], 62.58, 73 | 112308 827
2026-08-30T06:46:57Z 96, 2398, [N/A], 48.36, 72 | 112317 827
2026-08-30T06:47:02Z 96, 2398, [N/A], 64.50, 78 | 112288 827
2026-08-30T06:47:07Z 96, 2398, [N/A], 65.93, 74 | 112290 827
2026-08-30T06:47:12Z 96, 2398, [N/A], 49.77, 72 | 112309 827
2026-08-30T06:47:17Z 96, 2398, [N/A], 65.57, 74 | 112289 827
2026-08-30T06:47:23Z 96, 2398, [N/A], 66.63, 74 | 112256 827
2026-08-30T06:47:28Z 96, 2398, [N/A], 66.19, 72 | 112268 827
2026-08-30T06:47:33Z 96, 2379, [N/A], 72.07, 73 | 112251 827
2026-08-30T06:47:38Z 96, 2405, [N/A], 68.16, 78 | 112238 827
2026-08-30T06:47:43Z 96, 2405, [N/A], 70.10, 72 | 112227 827
2026-08-30T06:47:48Z 96, 2398, [N/A], 70.75, 78 | 112210 827
2026-08-30T06:47:53Z 96, 2398, [N/A], 73.16, 78 | 112194 827
2026-08-30T06:47:58Z 96, 2398, [N/A], 73.97, 79 | 112176 827
2026-08-30T06:48:03Z 96, 2398, [N/A], 67.96, 75 | 112193 827
2026-08-30T06:48:08Z 96, 2398, [N/A], 66.87, 76 | 112219 827
2026-08-30T06:48:13Z 96, 2405, [N/A], 77.64, 75 | 112206 827
2026-08-30T06:48:18Z 96, 2398, [N/A], 67.61, 79 | 112182 827
2026-08-30T06:48:23Z 96, 2405, [N/A], 60.85, 73 | 112197 827
2026-08-30T06:48:28Z 96, 2392, [N/A], 80.60, 79 | 112199 827
2026-08-30T06:48:34Z 96, 2398, [N/A], 31.83, 69 | 112193 827
2026-08-30T06:48:39Z 96, 2398, [N/A], 30.81, 68 | 112181 827
2026-08-30T06:48:44Z 96, 2392, [N/A], 56.29, 69 | 112223 827
2026-08-30T06:48:49Z 96, 2392, [N/A], 57.39, 72 | 112194 827
2026-08-30T06:48:54Z 96, 2398, [N/A], 59.23, 72 | 112185 827
2026-08-30T06:48:59Z 96, 2398, [N/A], 64.74, 72 | 112194 827
2026-08-30T06:49:04Z 96, 2398, [N/A], 59.12, 76 | 112208 827
2026-08-30T06:49:09Z 96, 2398, [N/A], 67.55, 76 | 112198 827
2026-08-30T06:49:14Z 96, 2398, [N/A], 63.79, 72 | 112201 827
2026-08-30T06:49:19Z 96, 2398, [N/A], 66.70, 76 | 112211 827
2026-08-30T06:49:24Z 96, 2398, [N/A], 67.75, 73 | 112230 827
2026-08-30T06:49:29Z 96, 2398, [N/A], 67.85, 71 | 112190 827
2026-08-30T06:49:34Z 96, 2398, [N/A], 67.92, 72 | 112195 827
2026-08-30T06:49:39Z 96, 2398, [N/A], 50.15, 71 | 112208 827
2026-08-30T06:49:45Z 96, 2398, [N/A], 68.26, 71 | 112213 827
2026-08-30T06:49:50Z 96, 2398, [N/A], 71.81, 78 | 112211 827
2026-08-30T06:49:55Z 96, 2398, [N/A], 67.81, 74 | 112192 827
2026-08-30T06:50:00Z 96, 2405, [N/A], 71.36, 76 | 112200 827
2026-08-30T06:50:05Z 96, 2398, [N/A], 68.61, 77 | 112184 827
2026-08-30T06:50:10Z 96, 2398, [N/A], 68.22, 78 | 112179 827
2026-08-30T06:50:15Z 96, 2398, [N/A], 67.17, 77 | 112177 827
2026-08-30T06:50:20Z 96, 2405, [N/A], 63.48, 72 | 112181 827
2026-08-30T06:50:25Z 96, 2398, [N/A], 63.26, 72 | 112179 827
2026-08-30T06:50:30Z 96, 2398, [N/A], 62.37, 72 | 112185 827
2026-08-30T06:50:35Z 96, 2398, [N/A], 63.94, 74 | 112209 827
2026-08-30T06:50:40Z 96, 2398, [N/A], 62.25, 72 | 112225 827
2026-08-30T06:50:45Z 96, 2398, [N/A], 61.61, 72 | 112197 827
2026-08-30T06:50:50Z 96, 2398, [N/A], 67.54, 75 | 112201 827
2026-08-30T06:50:56Z 96, 2398, [N/A], 64.04, 75 | 112208 827
2026-08-30T06:51:01Z 96, 2398, [N/A], 62.04, 78 | 112202 827
2026-08-30T06:51:06Z 96, 2398, [N/A], 67.03, 77 | 112197 827
2026-08-30T06:51:11Z 96, 2405, [N/A], 66.85, 75 | 112210 827
2026-08-30T06:51:16Z 96, 2398, [N/A], 66.90, 75 | 112205 827
2026-08-30T06:51:21Z 96, 2398, [N/A], 61.42, 73 | 112214 827
2026-08-30T06:51:26Z 96, 2398, [N/A], 67.73, 78 | 112206 827
2026-08-30T06:51:31Z 96, 2398, [N/A], 69.99, 73 | 112193 827
2026-08-30T06:51:36Z 96, 2392, [N/A], 70.41, 78 | 112194 827
2026-08-30T06:51:41Z 96, 2398, [N/A], 58.48, 72 | 112198 827
2026-08-30T06:51:46Z 96, 2398, [N/A], 74.32, 78 | 112214 827
2026-08-30T06:51:51Z 96, 2405, [N/A], 67.51, 71 | 112203 827
2026-08-30T06:51:56Z 96, 2398, [N/A], 66.53, 73 | 112186 827
2026-08-30T06:52:01Z 96, 2398, [N/A], 64.96, 72 | 112201 827
2026-08-30T06:52:07Z 96, 2405, [N/A], 64.72, 78 | 112208 827
2026-08-30T06:52:12Z 96, 2398, [N/A], 66.89, 71 | 112208 827
2026-08-30T06:52:21Z 96, 2379, [N/A], 65.31, 73 | 112222 827
2026-08-30T06:52:31Z 96, 2398, [N/A], 60.50, 73 | 112198 827
2026-08-30T06:52:41Z 96, 2398, [N/A], 65.31, 77 | 112221 827
2026-08-30T06:52:51Z 96, 2398, [N/A], 67.25, 77 | 112231 827
2026-08-30T06:53:01Z 96, 2398, [N/A], 66.09, 75 | 112225 827
2026-08-30T06:53:11Z 96, 2398, [N/A], 68.05, 72 | 112196 827
2026-08-30T06:53:21Z 96, 2398, [N/A], 67.76, 77 | 112193 827
2026-08-30T06:53:31Z 96, 2398, [N/A], 73.12, 78 | 112199 827
2026-08-30T06:53:41Z 96, 2398, [N/A], 66.36, 75 | 112203 827
2026-08-30T06:53:51Z 96, 2398, [N/A], 69.05, 74 | 112217 827
2026-08-30T06:54:01Z 96, 2398, [N/A], 68.61, 73 | 112203 827
2026-08-30T06:54:12Z 96, 2398, [N/A], 61.48, 72 | 112183 827
2026-08-30T06:54:22Z 96, 2398, [N/A], 60.66, 74 | 112187 827
2026-08-30T06:54:32Z 96, 2392, [N/A], 54.70, 76 | 112176 827
2026-08-30T06:54:42Z 96, 2398, [N/A], 63.99, 74 | 112202 827
2026-08-30T06:54:52Z 96, 2398, [N/A], 68.46, 75 | 112206 827
2026-08-30T06:55:02Z 96, 2398, [N/A], 66.08, 74 | 112222 827
2026-08-30T06:55:12Z 96, 2398, [N/A], 69.56, 73 | 112206 827
2026-08-30T06:55:22Z 96, 2398, [N/A], 71.71, 79 | 112204 827
2026-08-30T06:55:32Z 96, 2398, [N/A], 76.69, 78 | 112198 827
2026-08-30T06:55:42Z 96, 2398, [N/A], 75.41, 78 | 112189 827
2026-08-30T06:55:52Z 96, 2398, [N/A], 60.38, 73 | 112180 827
2026-08-30T06:56:03Z 96, 2398, [N/A], 53.15, 73 | 112206 827
2026-08-30T06:56:13Z 96, 2398, [N/A], 63.01, 73 | 112206 827
2026-08-30T06:56:23Z 96, 2398, [N/A], 64.37, 75 | 112191 827
2026-08-30T06:56:33Z 96, 2398, [N/A], 46.90, 72 | 112230 827
2026-08-30T06:56:43Z 96, 2398, [N/A], 67.34, 76 | 112207 827
2026-08-30T06:56:53Z 96, 2398, [N/A], 71.75, 74 | 112182 827
2026-08-30T06:57:03Z 96, 2398, [N/A], 70.68, 72 | 112202 827
2026-08-30T06:57:13Z 96, 2398, [N/A], 67.35, 74 | 112197 827
2026-08-30T06:57:23Z 96, 2398, [N/A], 67.34, 75 | 112207 827
2026-08-30T06:57:33Z 96, 2398, [N/A], 83.20, 74 | 112196 827
2026-08-30T06:57:43Z 96, 2405, [N/A], 48.49, 71 | 112229 827
2026-08-30T06:57:53Z 96, 2398, [N/A], 31.03, 68 | 112192 827
2026-08-30T06:58:04Z 96, 2398, [N/A], 55.72, 72 | 112204 827
2026-08-30T06:58:14Z 96, 2398, [N/A], 60.97, 70 | 112194 827
2026-08-30T06:58:24Z 96, 2398, [N/A], 66.39, 77 | 112175 827
2026-08-30T06:58:34Z 96, 2398, [N/A], 65.18, 77 | 112219 827
2026-08-30T06:58:44Z 96, 2398, [N/A], 68.24, 72 | 112209 827
2026-08-30T06:58:54Z 96, 2392, [N/A], 51.97, 71 | 112186 827
2026-08-30T06:59:04Z 96, 2398, [N/A], 72.74, 78 | 112217 827
2026-08-30T06:59:14Z 96, 2398, [N/A], 68.86, 78 | 112224 827
2026-08-30T06:59:24Z 96, 2405, [N/A], 68.16, 72 | 112209 827
2026-08-30T06:59:34Z 96, 2398, [N/A], 68.94, 79 | 112204 827
2026-08-30T06:59:44Z 96, 2398, [N/A], 58.05, 73 | 112230 827
2026-08-30T06:59:54Z 96, 2398, [N/A], 64.85, 72 | 112226 827
2026-08-30T07:00:04Z 96, 2379, [N/A], 72.60, 73 | 112216 824
2026-08-30T07:00:14Z 96, 2398, [N/A], 67.27, 74 | 112202 824
2026-08-30T07:00:24Z 96, 2398, [N/A], 66.34, 73 | 112226 824
2026-08-30T07:00:34Z 96, 2398, [N/A], 66.02, 71 | 112177 824
2026-08-30T07:00:44Z 96, 2398, [N/A], 67.58, 73 | 112214 824
2026-08-30T07:00:54Z 96, 2398, [N/A], 51.25, 72 | 112214 824
2026-08-30T07:01:05Z 96, 2398, [N/A], 71.13, 77 | 112225 824
2026-08-30T07:01:15Z 96, 2398, [N/A], 73.51, 79 | 112234 824
2026-08-30T07:01:25Z 96, 2398, [N/A], 66.64, 73 | 112203 824
2026-08-30T07:01:35Z 96, 2398, [N/A], 50.07, 73 | 112198 824
2026-08-30T07:01:45Z 96, 2398, [N/A], 60.01, 76 | 112209 824
2026-08-30T07:01:55Z 96, 2398, [N/A], 64.58, 75 | 112229 824
2026-08-30T07:02:05Z 96, 2398, [N/A], 53.85, 72 | 112238 824
2026-08-30T07:02:15Z 96, 2398, [N/A], 65.30, 78 | 112212 824
2026-08-30T07:02:25Z 96, 2398, [N/A], 69.16, 74 | 112210 824
2026-08-30T07:02:35Z 96, 2398, [N/A], 66.21, 76 | 112218 824
2026-08-30T07:02:45Z 96, 2398, [N/A], 71.54, 73 | 112208 824
2026-08-30T07:02:56Z 96, 2398, [N/A], 72.52, 79 | 112226 824
2026-08-30T07:03:06Z 96, 2398, [N/A], 74.73, 78 | 112213 824
2026-08-30T07:03:16Z 96, 2398, [N/A], 71.69, 75 | 112225 824
2026-08-30T07:03:26Z 96, 2398, [N/A], 59.62, 74 | 112251 824
2026-08-30T07:03:36Z 96, 2398, [N/A], 47.89, 72 | 112213 824
2026-08-30T07:03:46Z 96, 2398, [N/A], 63.44, 74 | 112195 824
2026-08-30T07:03:56Z 96, 2398, [N/A], 62.73, 77 | 112209 824
2026-08-30T07:04:06Z 96, 2398, [N/A], 55.29, 72 | 112231 824
2026-08-30T07:04:16Z 96, 2405, [N/A], 67.61, 73 | 112224 824
2026-08-30T07:04:26Z 96, 2398, [N/A], 71.32, 79 | 112231 824
2026-08-30T07:04:36Z 96, 2398, [N/A], 70.83, 72 | 112216 824
2026-08-30T07:04:46Z 95, 2398, [N/A], 66.65, 73 | 112218 824
2026-08-30T07:04:57Z 96, 2398, [N/A], 67.45, 78 | 112232 824
2026-08-30T07:05:07Z 96, 2398, [N/A], 73.73, 75 | 112224 824
2026-08-30T07:05:17Z 96, 2398, [N/A], 63.19, 75 | 112204 824
2026-08-30T07:05:27Z 96, 2398, [N/A], 63.93, 74 | 112206 824
2026-08-30T07:05:37Z 96, 2398, [N/A], 51.74, 72 | 112189 824
2026-08-30T07:05:47Z 96, 2398, [N/A], 66.13, 73 | 112189 824
2026-08-30T07:05:57Z 96, 2398, [N/A], 67.13, 73 | 112225 824
2026-08-30T07:06:07Z 96, 2398, [N/A], 65.56, 78 | 112211 824
2026-08-30T07:06:17Z 96, 2398, [N/A], 68.54, 78 | 112219 824
2026-08-30T07:06:27Z 96, 2398, [N/A], 54.58, 71 | 112211 824
2026-08-30T07:06:37Z 96, 2398, [N/A], 72.70, 78 | 112235 824
2026-08-30T07:06:47Z 96, 2398, [N/A], 70.56, 73 | 112261 824
2026-08-30T07:06:57Z 96, 2398, [N/A], 71.51, 78 | 112219 824
2026-08-30T07:07:07Z 96, 2392, [N/A], 82.70, 78 | 112235 824
2026-08-30T07:07:17Z 96, 2398, [N/A], 33.37, 69 | 112194 824
2026-08-30T07:07:27Z 96, 2398, [N/A], 57.69, 73 | 112198 824
2026-08-30T07:07:37Z 96, 2398, [N/A], 59.58, 75 | 112197 824
2026-08-30T07:07:48Z 96, 2392, [N/A], 52.65, 70 | 112213 824
2026-08-30T07:07:58Z 96, 2398, [N/A], 66.82, 76 | 112202 824
2026-08-30T07:08:08Z 96, 2398, [N/A], 67.86, 77 | 112223 824
2026-08-30T07:08:18Z 96, 2398, [N/A], 67.41, 77 | 112245 824
2026-08-30T07:08:28Z 96, 2398, [N/A], 69.30, 77 | 112236 824
2026-08-30T07:08:38Z 96, 2398, [N/A], 67.48, 71 | 112225 824
2026-08-30T07:08:48Z 96, 2398, [N/A], 67.91, 73 | 112211 824
2026-08-30T07:08:58Z 96, 2398, [N/A], 68.96, 76 | 112212 824
2026-08-30T07:09:08Z 96, 2398, [N/A], 61.79, 73 | 112218 824
2026-08-30T07:09:18Z 96, 2398, [N/A], 63.71, 72 | 112224 824
2026-08-30T07:09:28Z 96, 2398, [N/A], 61.69, 72 | 112185 824
2026-08-30T07:09:38Z 96, 2398, [N/A], 62.58, 72 | 112201 824
2026-08-30T07:09:48Z 96, 2385, [N/A], 70.52, 79 | 112200 824
2026-08-30T07:09:58Z 96, 2405, [N/A], 66.50, 75 | 112202 824
2026-08-30T07:10:09Z 96, 2398, [N/A], 67.04, 73 | 112204 824
2026-08-30T07:10:19Z 96, 2398, [N/A], 66.71, 74 | 112212 824
2026-08-30T07:10:29Z 96, 2398, [N/A], 68.82, 75 | 112243 824
2026-08-30T07:10:39Z 96, 2398, [N/A], 74.30, 75 | 112222 824
2026-08-30T07:10:49Z 96, 2398, [N/A], 63.32, 71 | 112205 824
2026-08-30T07:10:59Z 96, 2398, [N/A], 64.34, 72 | 112243 824
2026-08-30T07:11:09Z 96, 2398, [N/A], 60.55, 73 | 112216 824
2026-08-30T07:11:19Z 96, 2405, [N/A], 61.94, 77 | 112177 824
2026-08-30T07:11:29Z 96, 2398, [N/A], 61.21, 72 | 112233 824
2026-08-30T07:11:39Z 96, 2398, [N/A], 66.08, 78 | 112206 824
2026-08-30T07:11:49Z 96, 2379, [N/A], 71.34, 73 | 112191 824
2026-08-30T07:11:59Z 96, 2398, [N/A], 68.06, 72 | 112206 824
2026-08-30T07:12:09Z 96, 2398, [N/A], 73.04, 74 | 112204 824
2026-08-30T07:12:19Z 96, 2398, [N/A], 67.49, 74 | 112208 824
2026-08-30T07:12:29Z 96, 2398, [N/A], 66.75, 71 | 112199 824
2026-08-30T07:12:40Z 96, 2398, [N/A], 67.60, 73 | 112230 824
2026-08-30T07:12:50Z 96, 2398, [N/A], 61.70, 73 | 112224 824
2026-08-30T07:13:00Z 96, 2398, [N/A], 55.10, 72 | 112216 824
2026-08-30T07:13:10Z 96, 2398, [N/A], 63.02, 73 | 112239 824
2026-08-30T07:13:20Z 96, 2398, [N/A], 66.99, 75 | 112194 824
2026-08-30T07:13:30Z 96, 2398, [N/A], 61.04, 72 | 112218 824
2026-08-30T07:13:40Z 96, 2398, [N/A], 67.18, 77 | 112221 824
2026-08-30T07:13:50Z 96, 2392, [N/A], 49.44, 72 | 112226 824
2026-08-30T07:14:00Z 96, 2398, [N/A], 67.52, 75 | 112211 824
2026-08-30T07:14:10Z 96, 2398, [N/A], 51.03, 71 | 112194 824
2026-08-30T07:14:20Z 96, 2398, [N/A], 71.74, 78 | 112199 824
2026-08-30T07:14:30Z 96, 2398, [N/A], 49.16, 72 | 112211 824
2026-08-30T07:14:40Z 96, 2398, [N/A], 61.26, 71 | 112229 824
2026-08-30T07:14:50Z 96, 2398, [N/A], 61.05, 73 | 112216 824
2026-08-30T07:15:00Z 96, 2392, [N/A], 49.87, 72 | 112215 824
2026-08-30T07:15:10Z 96, 2398, [N/A], 62.01, 72 | 112213 824
2026-08-30T07:15:20Z 96, 2398, [N/A], 66.68, 73 | 112214 824
2026-08-30T07:15:30Z 96, 2392, [N/A], 66.32, 72 | 112217 824
2026-08-30T07:15:40Z 96, 2405, [N/A], 71.28, 73 | 112210 824
2026-08-30T07:15:51Z 96, 2398, [N/A], 69.52, 78 | 112200 824
2026-08-30T07:16:01Z 96, 2405, [N/A], 74.60, 78 | 112189 824
2026-08-30T07:16:11Z 96, 2398, [N/A], 72.07, 76 | 112196 824
2026-08-30T07:16:21Z 96, 2398, [N/A], 72.32, 73 | 112183 824
2026-08-30T07:16:31Z 96, 2398, [N/A], 34.05, 68 | 112195 824
2026-08-30T07:16:41Z 96, 2392, [N/A], 56.13, 72 | 112220 824
2026-08-30T07:16:51Z 96, 2405, [N/A], 59.69, 72 | 112228 824
2026-08-30T07:17:01Z 96, 2392, [N/A], 51.89, 71 | 112244 824
2026-08-30T07:17:11Z 96, 2398, [N/A], 67.37, 72 | 112209 824
2026-08-30T07:17:21Z 96, 2398, [N/A], 67.82, 76 | 112202 824
2026-08-30T07:17:31Z 96, 2398, [N/A], 67.56, 77 | 112190 824
2026-08-30T07:17:42Z 96, 2398, [N/A], 69.51, 77 | 112188 824
2026-08-30T07:17:52Z 96, 2398, [N/A], 66.60, 77 | 112204 824
2026-08-30T07:18:02Z 96, 2398, [N/A], 68.51, 78 | 112214 824
2026-08-30T07:18:12Z 96, 2398, [N/A], 69.63, 78 | 112189 824
2026-08-30T07:18:22Z 96, 2398, [N/A], 61.48, 76 | 112188 824
2026-08-30T07:18:32Z 96, 2405, [N/A], 63.39, 76 | 112185 824
2026-08-30T07:18:42Z 96, 2398, [N/A], 61.39, 76 | 112199 824
2026-08-30T07:18:52Z 96, 2398, [N/A], 67.62, 72 | 112217 824
2026-08-30T07:19:02Z 96, 2392, [N/A], 46.30, 71 | 112215 824
2026-08-30T07:19:12Z 96, 2398, [N/A], 66.35, 73 | 112255 824
2026-08-30T07:19:22Z 96, 2405, [N/A], 67.64, 73 | 112229 824
2026-08-30T07:19:32Z 96, 2398, [N/A], 66.79, 73 | 112209 824
2026-08-30T07:19:42Z 96, 2398, [N/A], 73.07, 78 | 112235 824
2026-08-30T07:19:52Z 96, 2398, [N/A], 68.51, 73 | 112242 824
2026-08-30T07:20:02Z 96, 2398, [N/A], 66.52, 72 | 112251 824
2026-08-30T07:20:12Z 96, 2398, [N/A], 66.99, 72 | 112227 824
2026-08-30T07:20:23Z 96, 2398, [N/A], 59.99, 76 | 112214 824
2026-08-30T07:20:33Z 96, 2398, [N/A], 68.65, 72 | 112237 824
2026-08-30T07:20:43Z 96, 2398, [N/A], 63.78, 75 | 112222 824
2026-08-30T07:20:53Z 96, 2398, [N/A], 65.70, 72 | 112229 824
2026-08-30T07:21:03Z 96, 2398, [N/A], 50.35, 72 | 112226 824
2026-08-30T07:21:13Z 96, 2398, [N/A], 67.69, 78 | 112263 824
2026-08-30T07:21:23Z 96, 2398, [N/A], 63.91, 75 | 112226 824
2026-08-30T07:21:33Z 96, 2398, [N/A], 72.52, 78 | 112211 824
2026-08-30T07:21:43Z 96, 2398, [N/A], 66.59, 78 | 112250 824
2026-08-30T07:21:53Z 96, 2398, [N/A], 67.56, 73 | 112229 824
2026-08-30T07:22:03Z 96, 2398, [N/A], 62.44, 72 | 112245 824
2026-08-30T07:22:13Z 96, 2398, [N/A], 58.75, 74 | 112218 824
2026-08-30T07:22:24Z 96, 2392, [N/A], 61.59, 74 | 112215 824
2026-08-30T07:22:34Z 96, 2392, [N/A], 47.72, 70 | 112220 824
2026-08-30T07:22:44Z 96, 2398, [N/A], 64.89, 78 | 112241 824
2026-08-30T07:22:54Z 96, 2398, [N/A], 67.01, 78 | 112253 824
2026-08-30T07:23:04Z 96, 2398, [N/A], 66.57, 78 | 112226 824
2026-08-30T07:23:14Z 96, 2398, [N/A], 70.16, 78 | 112223 824
2026-08-30T07:23:24Z 96, 2398, [N/A], 70.67, 76 | 112226 824
2026-08-30T07:23:34Z 96, 2398, [N/A], 75.45, 76 | 112218 824
2026-08-30T07:23:44Z 96, 2398, [N/A], 74.77, 74 | 112210 824
2026-08-30T07:23:54Z 96, 2398, [N/A], 61.77, 75 | 112213 824
2026-08-30T07:24:05Z 96, 2398, [N/A], 56.58, 75 | 112214 824
2026-08-30T07:24:15Z 96, 2398, [N/A], 61.02, 73 | 112228 824
2026-08-30T07:24:25Z 96, 2398, [N/A], 64.93, 78 | 112219 824
2026-08-30T07:24:35Z 96, 2398, [N/A], 58.84, 72 | 112213 824
2026-08-30T07:24:45Z 96, 2398, [N/A], 67.33, 76 | 112232 824
2026-08-30T07:24:55Z 96, 2398, [N/A], 68.59, 73 | 112206 824
2026-08-30T07:25:05Z 96, 2398, [N/A], 66.49, 72 | 112208 824
2026-08-30T07:25:15Z 96, 2398, [N/A], 72.81, 75 | 112221 824
2026-08-30T07:25:25Z 96, 2398, [N/A], 66.59, 72 | 112231 824
2026-08-30T07:25:35Z 96, 2398, [N/A], 68.96, 78 | 112245 824
2026-08-30T07:25:45Z 96, 2398, [N/A], 68.70, 73 | 112215 824
2026-08-30T07:25:55Z 96, 2405, [N/A], 53.06, 70 | 112208 824
2026-08-30T07:26:05Z 96, 2398, [N/A], 31.45, 67 | 112205 824
2026-08-30T07:26:16Z 96, 2392, [N/A], 55.25, 71 | 112229 824
2026-08-30T07:26:26Z 96, 2398, [N/A], 65.11, 70 | 112242 824
2026-08-30T07:26:36Z 96, 2398, [N/A], 63.93, 73 | 112253 824
2026-08-30T07:26:46Z 96, 2398, [N/A], 61.00, 75 | 112202 824
2026-08-30T07:26:56Z 96, 2398, [N/A], 68.23, 73 | 112214 824
2026-08-30T07:27:06Z 96, 2398, [N/A], 69.75, 73 | 112206 824
2026-08-30T07:27:16Z 96, 2398, [N/A], 67.82, 73 | 112224 824
2026-08-30T07:27:26Z 96, 2398, [N/A], 81.58, 78 | 112234 824
2026-08-30T07:27:36Z 96, 2398, [N/A], 77.04, 78 | 112256 824
2026-08-30T07:27:46Z 96, 2392, [N/A], 46.75, 73 | 112254 824
2026-08-30T07:27:56Z 96, 2398, [N/A], 57.75, 76 | 112215 824
2026-08-30T07:28:06Z 96, 2405, [N/A], 62.58, 73 | 112229 824
2026-08-30T07:28:16Z 96, 2405, [N/A], 61.72, 77 | 112230 824
2026-08-30T07:28:27Z 96, 2398, [N/A], 61.87, 73 | 112204 824
2026-08-30T07:28:37Z 96, 2398, [N/A], 66.77, 73 | 112216 824
2026-08-30T07:28:47Z 96, 2398, [N/A], 61.36, 78 | 112244 824
2026-08-30T07:28:57Z 96, 2398, [N/A], 70.13, 78 | 112236 824
2026-08-30T07:29:07Z 96, 2398, [N/A], 52.96, 77 | 112241 824
2026-08-30T07:29:17Z 96, 2398, [N/A], 74.77, 74 | 112237 824
2026-08-30T07:29:27Z 96, 2398, [N/A], 71.20, 74 | 112206 824
2026-08-30T07:29:37Z 96, 2398, [N/A], 65.03, 75 | 112214 824
2026-08-30T07:29:47Z 96, 2398, [N/A], 66.21, 74 | 112235 824
2026-08-30T07:29:57Z 96, 2398, [N/A], 59.03, 76 | 112228 824
2026-08-30T07:30:08Z 96, 2398, [N/A], 66.54, 73 | 112234 824
2026-08-30T07:30:18Z 96, 2398, [N/A], 65.23, 72 | 112206 824
2026-08-30T07:30:28Z 96, 2398, [N/A], 65.50, 78 | 112206 824
2026-08-30T07:30:38Z 96, 2398, [N/A], 68.29, 74 | 112219 824
2026-08-30T07:30:48Z 96, 2398, [N/A], 62.13, 73 | 112216 824
2026-08-30T07:30:58Z 96, 2398, [N/A], 68.09, 76 | 112248 824
2026-08-30T07:31:08Z 96, 2398, [N/A], 72.05, 78 | 112223 824
2026-08-30T07:31:18Z 96, 2398, [N/A], 66.81, 71 | 112224 824
2026-08-30T07:31:28Z 96, 2398, [N/A], 50.16, 72 | 112223 824
2026-08-30T07:31:38Z 96, 2398, [N/A], 60.95, 74 | 112248 824
2026-08-30T07:31:48Z 96, 2398, [N/A], 60.80, 78 | 112231 824
2026-08-30T07:31:58Z 96, 2398, [N/A], 52.12, 71 | 112246 824
2026-08-30T07:32:08Z 96, 2398, [N/A], 66.91, 71 | 112230 824
2026-08-30T07:32:18Z 96, 2398, [N/A], 67.41, 71 | 112221 824
2026-08-30T07:32:28Z 96, 2398, [N/A], 67.04, 77 | 112213 824
2026-08-30T07:32:39Z 96, 2398, [N/A], 67.71, 72 | 112245 824
2026-08-30T07:32:49Z 96, 2398, [N/A], 66.77, 74 | 112237 824
2026-08-30T07:32:59Z 96, 2398, [N/A], 69.57, 73 | 112227 824
2026-08-30T07:33:09Z 96, 2398, [N/A], 71.15, 73 | 112262 824
2026-08-30T07:33:19Z 96, 2398, [N/A], 62.34, 73 | 112228 824
2026-08-30T07:33:29Z 96, 2398, [N/A], 53.66, 72 | 112223 824
2026-08-30T07:33:39Z 96, 2398, [N/A], 58.77, 74 | 112251 824
2026-08-30T07:33:49Z 96, 2398, [N/A], 66.96, 77 | 112230 824
2026-08-30T07:33:59Z 96, 2398, [N/A], 57.24, 77 | 112268 824
2026-08-30T07:34:09Z 96, 2398, [N/A], 67.03, 75 | 112216 824
2026-08-30T07:34:19Z 96, 2398, [N/A], 67.40, 75 | 112189 824
2026-08-30T07:34:29Z 96, 2398, [N/A], 67.03, 73 | 112235 824
2026-08-30T07:34:39Z 96, 2398, [N/A], 67.17, 76 | 112212 824
2026-08-30T07:34:50Z 96, 2405, [N/A], 69.51, 78 | 112246 824
2026-08-30T07:35:00Z 96, 2372, [N/A], 76.74, 77 | 112248 824
2026-08-30T07:35:10Z 96, 2398, [N/A], 36.19, 70 | 112238 824
2026-08-30T07:35:20Z 96, 2398, [N/A], 31.16, 67 | 112224 824
2026-08-30T07:35:30Z 96, 2392, [N/A], 56.18, 70 | 112207 824
2026-08-30T07:35:40Z 96, 2398, [N/A], 60.24, 71 | 112252 824
2026-08-30T07:35:50Z 96, 2398, [N/A], 63.83, 77 | 112264 824
2026-08-30T07:36:00Z 96, 2398, [N/A], 53.04, 70 | 112241 824
2026-08-30T07:36:10Z 96, 2398, [N/A], 68.57, 70 | 112230 824
2026-08-30T07:36:20Z 96, 2398, [N/A], 77.86, 78 | 112211 824
2026-08-30T07:36:30Z 96, 2398, [N/A], 72.35, 77 | 112231 824
2026-08-30T07:36:40Z 96, 2398, [N/A], 71.63, 79 | 112223 824
2026-08-30T07:36:50Z 96, 2398, [N/A], 67.54, 72 | 112214 824
2026-08-30T07:37:00Z 96, 2398, [N/A], 66.26, 78 | 112215 824
2026-08-30T07:37:10Z 96, 2398, [N/A], 62.97, 77 | 112265 824
2026-08-30T07:37:20Z 96, 2398, [N/A], 62.60, 78 | 112251 824
2026-08-30T07:37:31Z 96, 2398, [N/A], 64.98, 73 | 112227 824
2026-08-30T07:37:41Z 96, 2398, [N/A], 66.38, 73 | 112225 824
2026-08-30T07:37:51Z 96, 2398, [N/A], 67.42, 74 | 112231 824
2026-08-30T07:38:01Z 96, 2398, [N/A], 50.19, 72 | 112229 824
2026-08-30T07:38:11Z 96, 2398, [N/A], 67.75, 78 | 112232 824
2026-08-30T07:38:21Z 96, 2398, [N/A], 58.48, 72 | 112235 824
2026-08-30T07:38:31Z 96, 2405, [N/A], 72.31, 78 | 112223 824
2026-08-30T07:38:41Z 96, 2398, [N/A], 67.24, 78 | 112219 824
2026-08-30T07:38:51Z 96, 2398, [N/A], 66.35, 75 | 112229 824
2026-08-30T07:39:01Z 96, 2398, [N/A], 73.64, 78 | 112211 824
2026-08-30T07:39:11Z 96, 2398, [N/A], 60.26, 73 | 112225 824
2026-08-30T07:39:21Z 96, 2398, [N/A], 64.75, 71 | 112225 824
2026-08-30T07:39:31Z 96, 2398, [N/A], 71.74, 74 | 112229 824
2026-08-30T07:39:41Z 96, 2398, [N/A], 64.38, 73 | 112240 824
2026-08-30T07:39:51Z 96, 2398, [N/A], 69.59, 73 | 112224 824
2026-08-30T07:40:02Z 96, 2398, [N/A], 65.71, 72 | 112227 824
2026-08-30T07:40:12Z 96, 2398, [N/A], 72.13, 74 | 112229 824
2026-08-30T07:40:22Z 96, 2398, [N/A], 70.14, 77 | 112225 824
2026-08-30T07:40:32Z 96, 2398, [N/A], 70.26, 77 | 112216 824
2026-08-30T07:40:42Z 96, 2398, [N/A], 73.64, 78 | 112200 824
2026-08-30T07:40:52Z 96, 2398, [N/A], 58.97, 74 | 112211 824
2026-08-30T07:41:02Z 95, 2379, [N/A], 65.10, 73 | 112186 824
2026-08-30T07:41:12Z 96, 2398, [N/A], 62.88, 73 | 112208 824
2026-08-30T07:41:22Z 96, 2398, [N/A], 62.83, 77 | 112235 824
2026-08-30T07:41:32Z 96, 2398, [N/A], 53.74, 71 | 112212 824
2026-08-30T07:41:42Z 96, 2398, [N/A], 67.36, 73 | 112226 824
2026-08-30T07:41:52Z 96, 2398, [N/A], 71.13, 77 | 112230 824
2026-08-30T07:42:02Z 96, 2405, [N/A], 71.57, 77 | 112250 824
2026-08-30T07:42:13Z 96, 2398, [N/A], 71.57, 72 | 112249 824
2026-08-30T07:42:23Z 96, 2398, [N/A], 67.36, 71 | 112243 824
2026-08-30T07:42:33Z 96, 2398, [N/A], 79.75, 79 | 112230 824
2026-08-30T07:42:43Z 96, 2398, [N/A], 66.50, 73 | 112237 824
2026-08-30T07:42:53Z 96, 2398, [N/A], 63.82, 72 | 112239 824
2026-08-30T07:43:03Z 96, 2398, [N/A], 63.98, 74 | 112231 824
2026-08-30T07:43:13Z 96, 2398, [N/A], 63.64, 74 | 112234 824
2026-08-30T07:43:23Z 96, 2398, [N/A], 65.36, 78 | 112234 824
2026-08-30T07:43:33Z 96, 2398, [N/A], 62.72, 73 | 112237 824
2026-08-30T07:43:43Z 96, 2398, [N/A], 67.08, 75 | 112215 824
2026-08-30T07:43:53Z 96, 2398, [N/A], 62.09, 71 | 112218 824
2026-08-30T07:44:03Z 96, 2398, [N/A], 72.94, 78 | 112202 824
2026-08-30T07:44:14Z 96, 2398, [N/A], 69.33, 73 | 112231 824
2026-08-30T07:44:24Z 96, 2398, [N/A], 69.00, 73 | 112250 824
2026-08-30T07:44:34Z 96, 2392, [N/A], 79.51, 77 | 112239 824
2026-08-30T07:44:44Z 96, 2398, [N/A], 33.95, 68 | 112227 824
2026-08-30T07:44:54Z 96, 2392, [N/A], 56.93, 70 | 112242 824
2026-08-30T07:45:04Z 96, 2398, [N/A], 65.84, 70 | 112230 824
2026-08-30T07:45:14Z 96, 2398, [N/A], 56.60, 76 | 112234 824
2026-08-30T07:45:24Z 96, 2398, [N/A], 63.25, 74 | 112252 824
2026-08-30T07:45:34Z 96, 2398, [N/A], 67.86, 72 | 112250 824
2026-08-30T07:45:44Z 96, 2392, [N/A], 66.75, 70 | 112237 824
2026-08-30T07:45:54Z 96, 2398, [N/A], 68.12, 72 | 112234 824
2026-08-30T07:46:04Z 96, 2398, [N/A], 70.99, 74 | 112277 824
2026-08-30T07:46:14Z 96, 2398, [N/A], 67.98, 71 | 112207 824
2026-08-30T07:46:25Z 96, 2398, [N/A], 67.68, 73 | 112254 824
2026-08-30T07:46:35Z 96, 2398, [N/A], 59.89, 71 | 112307 824
2026-08-30T07:46:45Z 96, 2398, [N/A], 51.91, 72 | 112362 824
2026-08-30T07:46:55Z 96, 2398, [N/A], 61.09, 71 | 112322 824
2026-08-30T07:47:05Z 96, 2405, [N/A], 63.48, 73 | 112321 824
2026-08-30T07:47:15Z 96, 2392, [N/A], 56.42, 78 | 112312 824
2026-08-30T07:47:25Z 96, 2405, [N/A], 66.90, 73 | 112319 824
2026-08-30T07:47:35Z 96, 2405, [N/A], 67.48, 74 | 112258 824
2026-08-30T07:47:45Z 96, 2398, [N/A], 66.64, 75 | 112251 824
2026-08-30T07:47:55Z 96, 2405, [N/A], 73.68, 78 | 112236 824
2026-08-30T07:48:05Z 96, 2398, [N/A], 69.72, 74 | 112267 824
2026-08-30T07:48:15Z 96, 2398, [N/A], 64.96, 71 | 112266 824
2026-08-30T07:48:25Z 96, 2398, [N/A], 63.90, 73 | 112280 824
2026-08-30T07:48:35Z 96, 2398, [N/A], 60.82, 71 | 112228 824
2026-08-30T07:48:46Z 96, 2398, [N/A], 61.29, 76 | 112251 824
2026-08-30T07:48:56Z 96, 2398, [N/A], 61.09, 73 | 112241 824
2026-08-30T07:49:06Z 96, 2398, [N/A], 66.50, 77 | 112259 824
2026-08-30T07:49:16Z 96, 2398, [N/A], 60.56, 72 | 112234 824
2026-08-30T07:49:26Z 96, 2398, [N/A], 67.15, 78 | 112247 824
2026-08-30T07:49:36Z 95, 2398, [N/A], 67.51, 75 | 112232 824
2026-08-30T07:49:46Z 96, 2398, [N/A], 73.82, 78 | 112258 824
2026-08-30T07:49:56Z 96, 2398, [N/A], 79.21, 79 | 112273 824
2026-08-30T07:50:06Z 96, 2398, [N/A], 69.26, 78 | 112287 824
2026-08-30T07:50:16Z 95, 2398, [N/A], 59.58, 73 | 112267 824
2026-08-30T07:50:26Z 96, 2398, [N/A], 60.44, 74 | 112258 824
2026-08-30T07:50:37Z 96, 2398, [N/A], 63.50, 77 | 112251 824
2026-08-30T07:50:47Z 96, 2405, [N/A], 63.65, 78 | 112239 824
2026-08-30T07:50:57Z 96, 2398, [N/A], 64.95, 74 | 112262 824
2026-08-30T07:51:07Z 96, 2405, [N/A], 68.08, 77 | 112272 824
2026-08-30T07:51:17Z 96, 2398, [N/A], 54.03, 72 | 112259 824
2026-08-30T07:51:27Z 96, 2398, [N/A], 68.28, 75 | 112279 824
2026-08-30T07:51:37Z 96, 2398, [N/A], 47.27, 72 | 112280 824
2026-08-30T07:51:47Z 96, 2398, [N/A], 68.04, 78 | 112266 824
2026-08-30T07:51:57Z 96, 2398, [N/A], 53.98, 72 | 112241 824
2026-08-30T07:52:07Z 96, 2398, [N/A], 60.27, 73 | 112241 824
2026-08-30T07:52:17Z 96, 2398, [N/A], 61.00, 73 | 112261 824
2026-08-30T07:52:31Z 96, 2398, [N/A], 65.30, 71 | 112265 824
2026-08-30T07:52:41Z 96, 2398, [N/A], 62.18, 71 | 112262 824
2026-08-30T07:52:51Z 96, 2398, [N/A], 67.52, 78 | 112260 824
2026-08-30T07:53:01Z 96, 2398, [N/A], 60.82, 78 | 112254 824
2026-08-30T07:53:11Z 96, 2398, [N/A], 70.32, 74 | 112241 824
2026-08-30T07:53:21Z 96, 2398, [N/A], 79.68, 72 | 112250 824
2026-08-30T07:53:31Z 96, 2398, [N/A], 68.89, 78 | 112277 824
2026-08-30T07:53:41Z 96, 2398, [N/A], 54.19, 73 | 112278 824
2026-08-30T07:53:51Z 96, 2398, [N/A], 63.24, 74 | 112273 824
2026-08-30T07:54:02Z 96, 2398, [N/A], 61.42, 76 | 112243 824
2026-08-30T07:54:12Z 96, 2405, [N/A], 56.22, 72 | 112228 824
2026-08-30T07:54:22Z 96, 2398, [N/A], 66.86, 77 | 112239 824
2026-08-30T07:54:32Z 96, 2398, [N/A], 65.86, 73 | 112256 824
2026-08-30T07:54:42Z 96, 2398, [N/A], 65.95, 73 | 112251 824
2026-08-30T07:54:52Z 96, 2398, [N/A], 66.66, 71 | 112226 824
2026-08-30T07:55:02Z 96, 2398, [N/A], 49.53, 73 | 112230 824
2026-08-30T07:55:12Z 96, 2398, [N/A], 72.86, 78 | 112235 824
2026-08-30T07:55:22Z 96, 2398, [N/A], 71.79, 79 | 112270 824
2026-08-30T07:55:32Z 96, 2398, [N/A], 68.59, 78 | 112265 824
2026-08-30T07:55:42Z 96, 2398, [N/A], 63.75, 73 | 112243 824
2026-08-30T07:55:52Z 96, 2405, [N/A], 60.03, 78 | 112247 824
2026-08-30T07:56:02Z 96, 2398, [N/A], 62.09, 75 | 112280 824
2026-08-30T07:56:13Z 96, 2398, [N/A], 54.57, 72 | 112250 824
2026-08-30T07:56:23Z 96, 2398, [N/A], 64.54, 76 | 112227 824
2026-08-30T07:56:33Z 96, 2398, [N/A], 66.71, 78 | 112245 824
2026-08-30T07:56:43Z 96, 2398, [N/A], 67.24, 72 | 112246 824
2026-08-30T07:56:53Z 96, 2398, [N/A], 68.30, 78 | 112255 824
2026-08-30T07:57:03Z 96, 2398, [N/A], 69.50, 73 | 112273 824
2026-08-30T07:57:13Z 96, 2398, [N/A], 69.85, 72 | 112234 824
2026-08-30T07:57:23Z 96, 2398, [N/A], 66.01, 75 | 112276 824
2026-08-30T07:57:33Z 96, 2398, [N/A], 60.96, 73 | 112276 824
2026-08-30T07:57:43Z 96, 2398, [N/A], 49.71, 72 | 112265 824
2026-08-30T07:57:53Z 96, 2398, [N/A], 59.36, 73 | 112259 824
2026-08-30T07:58:03Z 96, 2398, [N/A], 65.26, 73 | 112241 824
2026-08-30T07:58:13Z 96, 2398, [N/A], 48.78, 72 | 112260 824
2026-08-30T07:58:23Z 96, 2398, [N/A], 67.20, 78 | 112259 824
2026-08-30T07:58:33Z 96, 2405, [N/A], 70.73, 78 | 112239 824
2026-08-30T07:58:43Z 96, 2398, [N/A], 67.10, 78 | 112227 824
2026-08-30T07:58:53Z 96, 2405, [N/A], 76.09, 78 | 112260 824
2026-08-30T07:59:04Z 96, 2405, [N/A], 74.31, 79 | 112253 824
2026-08-30T07:59:14Z 96, 2398, [N/A], 81.20, 73 | 112244 824
2026-08-30T07:59:24Z 96, 2398, [N/A], 60.23, 71 | 112252 824
2026-08-30T07:59:34Z 96, 2405, [N/A], 61.51, 73 | 112235 824
2026-08-30T07:59:44Z 96, 2398, [N/A], 66.42, 71 | 112256 824
2026-08-30T07:59:54Z 96, 2398, [N/A], 63.49, 77 | 112272 824
2026-08-30T08:00:04Z 96, 2398, [N/A], 66.36, 78 | 112279 824
2026-08-30T08:00:14Z 96, 2398, [N/A], 57.97, 72 | 112274 824
2026-08-30T08:00:24Z 96, 2398, [N/A], 69.27, 77 | 112252 824
2026-08-30T08:00:34Z 96, 2398, [N/A], 52.49, 72 | 112240 824
2026-08-30T08:00:44Z 96, 2398, [N/A], 72.48, 77 | 112246 824
2026-08-30T08:00:54Z 96, 2398, [N/A], 63.44, 78 | 112241 824
2026-08-30T08:01:04Z 96, 2398, [N/A], 66.47, 74 | 112275 824
2026-08-30T08:01:14Z 96, 2398, [N/A], 78.09, 78 | 112256 824
2026-08-30T08:01:25Z 96, 2398, [N/A], 60.19, 75 | 112258 824
2026-08-30T08:01:35Z 96, 2398, [N/A], 63.04, 75 | 112270 824
2026-08-30T08:01:45Z 96, 2398, [N/A], 66.10, 72 | 112273 824
2026-08-30T08:01:55Z 96, 2398, [N/A], 65.29, 78 | 112275 824
2026-08-30T08:02:05Z 96, 2398, [N/A], 66.56, 73 | 112274 824
2026-08-30T08:02:15Z 96, 2398, [N/A], 66.06, 72 | 112259 824
2026-08-30T08:02:25Z 96, 2405, [N/A], 72.27, 78 | 112241 824
2026-08-30T08:02:35Z 96, 2398, [N/A], 65.37, 71 | 112244 824
2026-08-30T08:02:45Z 96, 2398, [N/A], 70.82, 73 | 112247 824
2026-08-30T08:02:55Z 96, 2398, [N/A], 69.90, 79 | 112265 824
2026-08-30T08:03:05Z 96, 2398, [N/A], 35.57, 69 | 112265 824
2026-08-30T08:03:15Z 96, 2398, [N/A], 31.39, 67 | 112249 824
2026-08-30T08:03:25Z 96, 2392, [N/A], 55.63, 74 | 112264 824
2026-08-30T08:03:35Z 96, 2398, [N/A], 60.02, 70 | 112273 824
2026-08-30T08:03:45Z 96, 2398, [N/A], 64.58, 73 | 112291 824
2026-08-30T08:03:56Z 96, 2392, [N/A], 59.82, 71 | 112255 824
2026-08-30T08:04:06Z 96, 2398, [N/A], 68.05, 74 | 112276 824
2026-08-30T08:04:16Z 96, 2398, [N/A], 74.14, 72 | 112290 824
2026-08-30T08:04:26Z 96, 2398, [N/A], 67.44, 73 | 112274 824
2026-08-30T08:04:36Z 96, 2398, [N/A], 82.35, 78 | 112268 824
2026-08-30T08:04:46Z 96, 2405, [N/A], 74.89, 78 | 112263 824
2026-08-30T08:04:56Z 96, 2398, [N/A], 48.47, 72 | 112284 824
2026-08-30T08:05:06Z 96, 2398, [N/A], 58.05, 75 | 112276 824
2026-08-30T08:05:16Z 96, 2398, [N/A], 62.01, 72 | 112255 824
2026-08-30T08:05:26Z 96, 2398, [N/A], 68.29, 77 | 112264 824
2026-08-30T08:05:36Z 96, 2398, [N/A], 65.15, 73 | 112256 824
2026-08-30T08:05:46Z 96, 2398, [N/A], 65.78, 77 | 112273 824
2026-08-30T08:05:56Z 96, 2398, [N/A], 64.35, 73 | 112264 824
2026-08-30T08:06:06Z 96, 2398, [N/A], 69.56, 76 | 112276 824
2026-08-30T08:06:17Z 96, 2398, [N/A], 66.11, 78 | 112291 824
2026-08-30T08:06:27Z 96, 2398, [N/A], 67.57, 77 | 112276 824
2026-08-30T08:06:37Z 96, 2398, [N/A], 51.71, 72 | 112264 824
2026-08-30T08:06:47Z 96, 2398, [N/A], 66.05, 78 | 112263 824
2026-08-30T08:06:57Z 96, 2398, [N/A], 75.78, 75 | 112275 824
2026-08-30T08:07:07Z 96, 2398, [N/A], 59.81, 77 | 112274 824
2026-08-30T08:07:17Z 96, 2398, [N/A], 64.97, 77 | 112274 824
2026-08-30T08:07:27Z 96, 2398, [N/A], 59.02, 76 | 112273 824
2026-08-30T08:07:37Z 96, 2398, [N/A], 66.00, 74 | 112282 824
2026-08-30T08:07:47Z 96, 2405, [N/A], 67.89, 78 | 112282 824
2026-08-30T08:07:57Z 96, 2398, [N/A], 67.68, 71 | 112273 824
2026-08-30T08:08:07Z 96, 2405, [N/A], 72.67, 78 | 112275 824
2026-08-30T08:08:18Z 96, 2398, [N/A], 66.08, 72 | 112278 824
2026-08-30T08:08:28Z 96, 2398, [N/A], 67.24, 73 | 112261 824
2026-08-30T08:08:38Z 96, 2398, [N/A], 72.45, 78 | 112256 824
2026-08-30T08:08:48Z 96, 2398, [N/A], 58.44, 72 | 112265 824
2026-08-30T08:08:58Z 96, 2398, [N/A], 60.82, 77 | 112280 824
2026-08-30T08:09:08Z 96, 2398, [N/A], 61.87, 74 | 112264 824
2026-08-30T08:09:18Z 96, 2398, [N/A], 66.11, 71 | 112263 824
2026-08-30T08:09:28Z 96, 2398, [N/A], 57.50, 72 | 112273 824
2026-08-30T08:09:38Z 96, 2398, [N/A], 67.21, 72 | 112248 824
2026-08-30T08:09:48Z 95, 2398, [N/A], 66.18, 72 | 112288 824
2026-08-30T08:09:58Z 96, 2398, [N/A], 67.24, 73 | 112280 824
2026-08-30T08:10:08Z 96, 2398, [N/A], 75.66, 78 | 112291 824
2026-08-30T08:10:18Z 96, 2398, [N/A], 74.79, 73 | 112296 824
2026-08-30T08:10:28Z 96, 2398, [N/A], 82.32, 79 | 112324 824
2026-08-30T08:10:38Z 96, 2398, [N/A], 62.68, 74 | 112287 824
2026-08-30T08:10:49Z 96, 2398, [N/A], 61.00, 71 | 112259 824
2026-08-30T08:10:59Z 96, 2398, [N/A], 70.79, 78 | 112277 824
2026-08-30T08:11:09Z 96, 2398, [N/A], 66.81, 72 | 112278 824
2026-08-30T08:11:19Z 96, 2398, [N/A], 67.68, 76 | 112281 824
2026-08-30T08:11:29Z 96, 2392, [N/A], 66.19, 72 | 112275 824
2026-08-30T08:11:39Z 96, 2398, [N/A], 70.29, 73 | 112293 824
2026-08-30T08:11:49Z 96, 2398, [N/A], 65.14, 75 | 112288 824
2026-08-30T08:11:59Z 96, 2398, [N/A], 67.35, 73 | 112273 824
2026-08-30T08:12:09Z 96, 2398, [N/A], 58.04, 73 | 112278 824
2026-08-30T08:12:19Z 96, 2398, [N/A], 67.43, 73 | 112262 824
2026-08-30T08:12:29Z 96, 2405, [N/A], 65.74, 75 | 112277 824
2026-08-30T08:12:39Z 96, 2398, [N/A], 60.43, 76 | 112277 824
2026-08-30T08:12:49Z 96, 2398, [N/A], 63.35, 71 | 112280 824
2026-08-30T08:12:59Z 96, 2398, [N/A], 58.74, 72 | 112269 824
2026-08-30T08:13:10Z 96, 2398, [N/A], 66.93, 76 | 112266 824
2026-08-30T08:13:20Z 96, 2398, [N/A], 67.11, 77 | 112279 824
2026-08-30T08:13:30Z 96, 2398, [N/A], 66.72, 71 | 112271 824
2026-08-30T08:13:40Z 96, 2398, [N/A], 71.62, 74 | 112304 824
2026-08-30T08:13:50Z 96, 2398, [N/A], 71.78, 78 | 112296 824
2026-08-30T08:14:00Z 96, 2398, [N/A], 75.31, 72 | 112287 824
2026-08-30T08:14:10Z 96, 2398, [N/A], 75.15, 75 | 112290 824
2026-08-30T08:14:20Z 96, 2398, [N/A], 59.16, 76 | 112308 824
2026-08-30T08:14:30Z 96, 2405, [N/A], 51.74, 73 | 112294 824
2026-08-30T08:14:40Z 96, 2398, [N/A], 61.49, 78 | 112318 824
2026-08-30T08:14:50Z 96, 2398, [N/A], 66.04, 72 | 112276 824
2026-08-30T08:15:00Z 96, 2398, [N/A], 63.64, 78 | 112269 824
2026-08-30T08:15:10Z 96, 2398, [N/A], 66.25, 77 | 112272 824
2026-08-30T08:15:21Z 96, 2398, [N/A], 68.09, 76 | 112280 824
2026-08-30T08:15:31Z 96, 2398, [N/A], 67.13, 77 | 112290 824
2026-08-30T08:15:41Z 95, 2385, [N/A], 76.33, 72 | 112284 824
2026-08-30T08:15:51Z 96, 2398, [N/A], 68.09, 76 | 112293 824
2026-08-30T08:16:01Z 96, 2398, [N/A], 70.38, 78 | 112313 824
2026-08-30T08:16:11Z 96, 2398, [N/A], 66.65, 79 | 112278 824
2026-08-30T08:16:21Z 96, 2398, [N/A], 60.50, 71 | 112274 824
2026-08-30T08:16:31Z 96, 2398, [N/A], 56.58, 72 | 112269 824
2026-08-30T08:16:41Z 96, 2398, [N/A], 65.50, 73 | 112265 824
2026-08-30T08:16:51Z 96, 2398, [N/A], 66.32, 73 | 112255 824
2026-08-30T08:17:01Z 96, 2398, [N/A], 65.28, 77 | 112243 824
2026-08-30T08:17:11Z 96, 2398, [N/A], 67.31, 73 | 112276 824
2026-08-30T08:17:22Z 96, 2398, [N/A], 69.29, 77 | 112279 824
2026-08-30T08:17:32Z 96, 2398, [N/A], 67.26, 73 | 112293 824
2026-08-30T08:17:42Z 96, 2398, [N/A], 72.40, 79 | 112257 824
2026-08-30T08:17:52Z 96, 2398, [N/A], 73.86, 78 | 112262 824
2026-08-30T08:18:02Z 96, 2398, [N/A], 75.00, 79 | 112273 824
2026-08-30T08:18:12Z 96, 2398, [N/A], 58.09, 75 | 112286 824
2026-08-30T08:18:22Z 96, 2398, [N/A], 62.07, 74 | 112296 824
2026-08-30T08:18:32Z 96, 2398, [N/A], 63.37, 72 | 112283 824
2026-08-30T08:18:42Z 96, 2398, [N/A], 64.01, 75 | 112306 824
2026-08-30T08:18:52Z 96, 2398, [N/A], 65.82, 73 | 112317 824
2026-08-30T08:19:02Z 96, 2405, [N/A], 66.69, 71 | 112273 824
2026-08-30T08:19:12Z 96, 2398, [N/A], 67.37, 73 | 112290 824
2026-08-30T08:19:22Z 96, 2398, [N/A], 66.30, 73 | 112277 824
2026-08-30T08:19:33Z 96, 2398, [N/A], 66.97, 71 | 112266 824
2026-08-30T08:19:43Z 96, 2398, [N/A], 68.43, 77 | 112258 824
2026-08-30T08:19:53Z 96, 2372, [N/A], 69.08, 72 | 112253 824
2026-08-30T08:20:03Z 96, 2405, [N/A], 62.38, 74 | 112251 824
2026-08-30T08:20:13Z 96, 2398, [N/A], 60.84, 72 | 112243 824
2026-08-30T08:20:23Z 96, 2398, [N/A], 65.24, 75 | 112247 824
2026-08-30T08:20:33Z 96, 2398, [N/A], 63.77, 77 | 112245 824
2026-08-30T08:20:43Z 96, 2398, [N/A], 66.03, 73 | 112238 824
2026-08-30T08:20:53Z 96, 2398, [N/A], 64.51, 78 | 112238 824
2026-08-30T08:21:03Z 96, 2398, [N/A], 68.86, 74 | 112278 824
2026-08-30T08:21:13Z 96, 2398, [N/A], 65.44, 73 | 112245 824
2026-08-30T08:21:23Z 96, 2398, [N/A], 66.95, 72 | 112265 824
2026-08-30T08:21:33Z 96, 2398, [N/A], 58.55, 72 | 112268 824
2026-08-30T08:21:43Z 96, 2398, [N/A], 72.42, 76 | 112258 824
2026-08-30T08:21:54Z 96, 2392, [N/A], 77.08, 78 | 112282 824
2026-08-30T08:22:04Z 96, 2398, [N/A], 34.94, 69 | 112256 824
2026-08-30T08:22:14Z 96, 2398, [N/A], 55.65, 72 | 112275 824
2026-08-30T08:22:24Z 96, 2385, [N/A], 60.72, 71 | 112308 824
2026-08-30T08:22:34Z 96, 2398, [N/A], 59.43, 72 | 112296 824
2026-08-30T08:22:44Z 96, 2405, [N/A], 63.10, 73 | 112295 824
2026-08-30T08:22:54Z 96, 2385, [N/A], 68.23, 72 | 112286 824
2026-08-30T08:23:04Z 96, 2398, [N/A], 67.53, 73 | 112297 824
2026-08-30T08:23:14Z 96, 2398, [N/A], 67.63, 72 | 112285 824
2026-08-30T08:23:24Z 96, 2398, [N/A], 68.41, 73 | 112291 824
2026-08-30T08:23:34Z 96, 2398, [N/A], 68.33, 73 | 112260 824
2026-08-30T08:23:44Z 96, 2398, [N/A], 67.67, 78 | 112275 824
2026-08-30T08:23:54Z 96, 2398, [N/A], 59.89, 73 | 112285 824
2026-08-30T08:24:04Z 96, 2398, [N/A], 51.77, 72 | 112286 824
2026-08-30T08:24:15Z 96, 2398, [N/A], 61.73, 73 | 112287 824
2026-08-30T08:24:25Z 96, 2398, [N/A], 66.98, 71 | 112293 824
2026-08-30T08:24:35Z 96, 2398, [N/A], 57.00, 71 | 112288 824
2026-08-30T08:24:45Z 96, 2398, [N/A], 67.56, 73 | 112279 824
2026-08-30T08:24:55Z 96, 2398, [N/A], 69.55, 78 | 112262 824
2026-08-30T08:25:05Z 96, 2398, [N/A], 71.27, 71 | 112279 824
2026-08-30T08:25:15Z 96, 2398, [N/A], 67.49, 78 | 112302 824
2026-08-30T08:25:25Z 96, 2398, [N/A], 73.25, 78 | 112292 824
2026-08-30T08:25:35Z 95, 2398, [N/A], 66.82, 75 | 112290 824
2026-08-30T08:25:45Z 96, 2398, [N/A], 66.41, 73 | 112299 824
2026-08-30T08:25:55Z 96, 2405, [N/A], 62.32, 73 | 112263 824
2026-08-30T08:26:05Z 96, 2379, [N/A], 64.32, 73 | 112277 824
2026-08-30T08:26:15Z 96, 2398, [N/A], 61.15, 78 | 112274 824
2026-08-30T08:26:25Z 96, 2398, [N/A], 67.18, 72 | 112319 824
2026-08-30T08:26:35Z 96, 2398, [N/A], 55.67, 72 | 112281 824
2026-08-30T08:26:46Z 96, 2398, [N/A], 68.96, 74 | 112282 824
2026-08-30T08:26:56Z 96, 2398, [N/A], 82.36, 79 | 112292 824
2026-08-30T08:27:06Z 96, 2398, [N/A], 70.38, 73 | 112284 824
2026-08-30T08:27:16Z 96, 2398, [N/A], 70.51, 78 | 112289 824
2026-08-30T08:27:26Z 96, 2398, [N/A], 68.08, 74 | 112295 824
2026-08-30T08:27:36Z 96, 2398, [N/A], 75.21, 79 | 112291 824
2026-08-30T08:27:46Z 96, 2398, [N/A], 62.44, 73 | 112288 824
2026-08-30T08:27:56Z 96, 2398, [N/A], 63.89, 78 | 112301 824
2026-08-30T08:28:06Z 96, 2398, [N/A], 64.81, 73 | 112271 824
2026-08-30T08:28:16Z 96, 2398, [N/A], 63.26, 78 | 112298 824
2026-08-30T08:28:26Z 96, 2398, [N/A], 66.96, 74 | 112279 824
2026-08-30T08:28:36Z 96, 2398, [N/A], 60.78, 72 | 112318 824
2026-08-30T08:28:46Z 96, 2398, [N/A], 67.16, 73 | 112322 824
2026-08-30T08:28:56Z 96, 2398, [N/A], 67.53, 77 | 112269 824
2026-08-30T08:29:07Z 96, 2398, [N/A], 72.06, 77 | 112268 824
2026-08-30T08:29:17Z 96, 2398, [N/A], 66.94, 72 | 112280 824
2026-08-30T08:29:27Z 96, 2398, [N/A], 62.37, 74 | 112295 824
2026-08-30T08:29:37Z 96, 2398, [N/A], 60.67, 73 | 112293 824
2026-08-30T08:29:47Z 96, 2392, [N/A], 53.47, 72 | 112297 824
2026-08-30T08:29:57Z 96, 2398, [N/A], 63.92, 78 | 112294 824
2026-08-30T08:30:07Z 96, 2398, [N/A], 67.56, 73 | 112303 824
2026-08-30T08:30:17Z 96, 2398, [N/A], 66.62, 78 | 112304 824
2026-08-30T08:30:27Z 96, 2398, [N/A], 70.13, 73 | 112316 824
2026-08-30T08:30:37Z 96, 2398, [N/A], 70.92, 73 | 112319 824
2026-08-30T08:30:47Z 96, 2398, [N/A], 70.33, 73 | 112286 824
2026-08-30T08:30:57Z 96, 2398, [N/A], 66.69, 75 | 112300 824
2026-08-30T08:31:08Z 96, 2398, [N/A], 61.61, 72 | 112307 824
2026-08-30T08:31:18Z 96, 2398, [N/A], 56.47, 73 | 112279 824
2026-08-30T08:31:28Z 96, 2398, [N/A], 61.27, 75 | 112279 824
2026-08-30T08:31:38Z 96, 2398, [N/A], 64.76, 78 | 112284 824
2026-08-30T08:31:48Z 96, 2398, [N/A], 46.74, 71 | 112293 824
2026-08-30T08:31:58Z 96, 2398, [N/A], 65.84, 72 | 112304 824
2026-08-30T08:32:08Z 96, 2398, [N/A], 67.19, 73 | 112303 824
2026-08-30T08:32:18Z 96, 2398, [N/A], 68.82, 78 | 112310 824
2026-08-30T08:32:28Z 96, 2398, [N/A], 67.38, 72 | 112296 824
2026-08-30T08:32:38Z 96, 2398, [N/A], 69.54, 73 | 112289 824
2026-08-30T08:32:48Z 96, 2398, [N/A], 68.37, 79 | 112279 824
2026-08-30T08:32:58Z 96, 2398, [N/A], 66.82, 73 | 112302 824
2026-08-30T08:33:08Z 96, 2398, [N/A], 65.28, 75 | 112291 824
2026-08-30T08:33:18Z 96, 2398, [N/A], 65.73, 77 | 112276 824
2026-08-30T08:33:28Z 96, 2398, [N/A], 65.22, 74 | 112275 824
2026-08-30T08:33:39Z 96, 2398, [N/A], 64.89, 74 | 112294 824
2026-08-30T08:33:49Z 96, 2405, [N/A], 57.10, 72 | 112286 824
2026-08-30T08:33:59Z 96, 2405, [N/A], 69.54, 78 | 112297 824
2026-08-30T08:34:09Z 96, 2379, [N/A], 73.95, 72 | 112303 824
2026-08-30T08:34:19Z 96, 2405, [N/A], 67.21, 78 | 112289 824
2026-08-30T08:34:29Z 96, 2398, [N/A], 81.47, 79 | 112296 824
2026-08-30T08:34:39Z 96, 2398, [N/A], 73.40, 79 | 112289 824
2026-08-30T08:34:49Z 96, 2398, [N/A], 53.69, 72 | 112288 824
2026-08-30T08:34:59Z 96, 2398, [N/A], 59.42, 78 | 112299 824
2026-08-30T08:35:09Z 96, 2398, [N/A], 60.29, 74 | 112283 824
2026-08-30T08:35:19Z 95, 2398, [N/A], 63.21, 72 | 112265 824
2026-08-30T08:35:29Z 96, 2398, [N/A], 62.95, 74 | 112303 824
2026-08-30T08:35:40Z 96, 2405, [N/A], 67.60, 78 | 112266 824
2026-08-30T08:35:50Z 96, 2398, [N/A], 59.65, 72 | 112293 824
2026-08-30T08:36:00Z 96, 2398, [N/A], 71.44, 76 | 112297 824
2026-08-30T08:36:10Z 96, 2398, [N/A], 56.70, 72 | 112307 824
2026-08-30T08:36:20Z 96, 2398, [N/A], 68.72, 72 | 112296 824
2026-08-30T08:36:30Z 96, 2398, [N/A], 67.60, 75 | 112299 824
2026-08-30T08:36:40Z 96, 2398, [N/A], 60.51, 74 | 112293 824
2026-08-30T08:36:50Z 96, 2398, [N/A], 61.43, 76 | 112273 824
2026-08-30T08:37:00Z 96, 2398, [N/A], 61.11, 72 | 112304 824
2026-08-30T08:37:10Z 96, 2398, [N/A], 63.67, 72 | 112280 824
2026-08-30T08:37:20Z 96, 2398, [N/A], 66.39, 78 | 112268 824
2026-08-30T08:37:30Z 96, 2398, [N/A], 66.54, 78 | 112313 824
2026-08-30T08:37:40Z 96, 2405, [N/A], 69.45, 71 | 112278 824
2026-08-30T08:37:51Z 96, 2398, [N/A], 66.85, 71 | 112273 824
2026-08-30T08:38:01Z 96, 2398, [N/A], 66.84, 78 | 112301 824
2026-08-30T08:38:11Z 96, 2398, [N/A], 72.26, 79 | 112299 824
2026-08-30T08:38:21Z 96, 2398, [N/A], 66.02, 74 | 112304 824
2026-08-30T08:38:31Z 96, 2398, [N/A], 66.31, 72 | 112302 824
2026-08-30T08:38:41Z 96, 2398, [N/A], 60.47, 78 | 112339 824
2026-08-30T08:38:51Z 96, 2398, [N/A], 61.54, 72 | 112291 824
2026-08-30T08:39:01Z 96, 2398, [N/A], 64.39, 77 | 112298 824
2026-08-30T08:39:11Z 96, 2398, [N/A], 64.78, 74 | 112307 824
2026-08-30T08:39:21Z 96, 2398, [N/A], 74.64, 78 | 112289 824
2026-08-30T08:39:31Z 96, 2398, [N/A], 69.26, 72 | 112322 824
2026-08-30T08:39:41Z 96, 2398, [N/A], 73.12, 78 | 112287 824
2026-08-30T08:39:52Z 96, 2405, [N/A], 66.84, 78 | 112318 824
2026-08-30T08:40:02Z 96, 2398, [N/A], 69.79, 78 | 112318 824
2026-08-30T08:40:12Z 96, 2398, [N/A], 71.16, 73 | 112306 824
2026-08-30T08:40:22Z 96, 2392, [N/A], 78.47, 78 | 112328 824
2026-08-30T08:40:32Z 96, 2398, [N/A], 33.19, 68 | 112315 824
2026-08-30T08:40:42Z 96, 2398, [N/A], 56.04, 71 | 112322 824
2026-08-30T08:40:52Z 96, 2398, [N/A], 59.49, 76 | 112288 824
2026-08-30T08:41:02Z 96, 2398, [N/A], 64.22, 77 | 112313 824
2026-08-30T08:41:12Z 96, 2398, [N/A], 63.39, 71 | 112298 824
2026-08-30T08:41:22Z 96, 2398, [N/A], 68.35, 73 | 112290 824
2026-08-30T08:41:32Z 96, 2398, [N/A], 61.62, 76 | 112303 824
2026-08-30T08:41:42Z 96, 2398, [N/A], 69.01, 77 | 112303 824
2026-08-30T08:41:52Z 96, 2398, [N/A], 67.09, 73 | 112273 824
2026-08-30T08:42:03Z 96, 2398, [N/A], 68.84, 72 | 112306 824
2026-08-30T08:42:13Z 96, 2398, [N/A], 56.65, 73 | 112300 824
2026-08-30T08:42:23Z 96, 2398, [N/A], 62.58, 77 | 112301 824
2026-08-30T08:42:33Z 96, 2398, [N/A], 61.95, 71 | 112318 824
2026-08-30T08:42:43Z 96, 2398, [N/A], 53.48, 72 | 112294 824
2026-08-30T08:42:53Z 96, 2398, [N/A], 65.86, 75 | 112288 824
2026-08-30T08:43:03Z 96, 2398, [N/A], 66.62, 74 | 112306 824
2026-08-30T08:43:13Z 96, 2398, [N/A], 66.44, 75 | 112294 824
2026-08-30T08:43:23Z 96, 2398, [N/A], 67.68, 71 | 112276 824
2026-08-30T08:43:33Z 96, 2398, [N/A], 66.64, 73 | 112305 824
2026-08-30T08:43:43Z 96, 2398, [N/A], 73.43, 79 | 112315 824
2026-08-30T08:43:53Z 96, 2398, [N/A], 74.14, 75 | 112298 824
2026-08-30T08:44:03Z 96, 2398, [N/A], 66.45, 78 | 112304 824
2026-08-30T08:44:13Z 96, 2398, [N/A], 61.94, 77 | 112302 824
2026-08-30T08:44:24Z 96, 2398, [N/A], 65.98, 71 | 112282 824
2026-08-30T08:44:34Z 96, 2398, [N/A], 63.02, 76 | 112302 824
2026-08-30T08:44:44Z 96, 2398, [N/A], 49.72, 72 | 112299 824
2026-08-30T08:44:54Z 96, 2398, [N/A], 66.12, 73 | 112297 824
2026-08-30T08:45:04Z 96, 2405, [N/A], 67.41, 78 | 112303 824
2026-08-30T08:45:14Z 96, 2398, [N/A], 66.85, 72 | 112284 824
2026-08-30T08:45:24Z 96, 2398, [N/A], 69.94, 71 | 112316 824
2026-08-30T08:45:34Z 96, 2398, [N/A], 72.96, 78 | 112295 824
2026-08-30T08:45:44Z 96, 2398, [N/A], 73.65, 78 | 112296 824
2026-08-30T08:45:54Z 96, 2398, [N/A], 67.51, 72 | 112309 824
2026-08-30T08:46:04Z 96, 2398, [N/A], 63.84, 76 | 112303 824
2026-08-30T08:46:15Z 96, 2398, [N/A], 49.76, 72 | 112306 824
2026-08-30T08:46:25Z 96, 2398, [N/A], 61.82, 77 | 112308 824
2026-08-30T08:46:35Z 96, 2398, [N/A], 66.86, 76 | 112417 824
2026-08-30T08:46:45Z 96, 2398, [N/A], 66.09, 73 | 112414 824
2026-08-30T08:46:55Z 96, 2398, [N/A], 66.64, 78 | 112425 824
2026-08-30T08:47:05Z 96, 2405, [N/A], 46.34, 72 | 112386 824
2026-08-30T08:47:15Z 96, 2405, [N/A], 66.38, 78 | 112366 824
2026-08-30T08:47:25Z 96, 2398, [N/A], 57.90, 77 | 112352 824
2026-08-30T08:47:35Z 96, 2398, [N/A], 74.81, 75 | 112317 824
2026-08-30T08:47:45Z 96, 2398, [N/A], 71.83, 79 | 112298 824
2026-08-30T08:47:55Z 96, 2398, [N/A], 63.41, 73 | 112320 824
2026-08-30T08:48:05Z 96, 2398, [N/A], 61.30, 75 | 112323 824
2026-08-30T08:48:15Z 96, 2398, [N/A], 57.06, 71 | 112319 824
2026-08-30T08:48:26Z 96, 2398, [N/A], 64.95, 73 | 112297 824
2026-08-30T08:48:36Z 96, 2398, [N/A], 65.31, 75 | 112288 824
2026-08-30T08:48:46Z 96, 2398, [N/A], 66.51, 73 | 112294 824
2026-08-30T08:48:56Z 96, 2398, [N/A], 69.54, 78 | 112308 824
2026-08-30T08:49:06Z 96, 2398, [N/A], 68.35, 78 | 112304 824
2026-08-30T08:49:16Z 96, 2398, [N/A], 67.86, 73 | 112334 824
2026-08-30T08:49:26Z 96, 2398, [N/A], 73.74, 78 | 112314 824
2026-08-30T08:49:36Z 96, 2398, [N/A], 69.78, 72 | 112314 824
2026-08-30T08:49:46Z 96, 2398, [N/A], 66.70, 75 | 112296 824
2026-08-30T08:49:56Z 96, 2398, [N/A], 60.08, 78 | 112310 824
2026-08-30T08:50:06Z 96, 2398, [N/A], 64.38, 76 | 112316 824
2026-08-30T08:50:16Z 96, 2398, [N/A], 62.81, 73 | 112294 824
2026-08-30T08:50:27Z 96, 2398, [N/A], 63.60, 73 | 112320 824
2026-08-30T08:50:37Z 96, 2398, [N/A], 67.83, 78 | 112317 824
2026-08-30T08:50:47Z 96, 2398, [N/A], 67.49, 73 | 112294 824
2026-08-30T08:50:57Z 96, 2398, [N/A], 68.61, 71 | 112326 824
2026-08-30T08:51:07Z 96, 2398, [N/A], 72.05, 76 | 112312 824
2026-08-30T08:51:17Z 96, 2398, [N/A], 70.17, 75 | 112322 824
2026-08-30T08:51:27Z 96, 2405, [N/A], 70.12, 75 | 112322 824
2026-08-30T08:51:37Z 96, 2398, [N/A], 82.19, 79 | 112311 824
2026-08-30T08:51:47Z 96, 2398, [N/A], 60.50, 78 | 112321 824
2026-08-30T08:51:57Z 96, 2398, [N/A], 64.73, 73 | 112289 824
2026-08-30T08:52:07Z 96, 2392, [N/A], 66.35, 74 | 112305 824
2026-08-30T08:52:17Z 96, 2398, [N/A], 65.23, 78 | 112294 824
2026-08-30T08:52:27Z 96, 2398, [N/A], 67.55, 73 | 112281 824
2026-08-30T08:52:38Z 96, 2398, [N/A], 51.34, 72 | 112315 824
2026-08-30T08:52:48Z 96, 2398, [N/A], 67.06, 78 | 112314 824
2026-08-30T08:52:58Z 96, 2398, [N/A], 59.45, 73 | 112304 824
2026-08-30T08:53:08Z 96, 2405, [N/A], 69.07, 78 | 112328 824
2026-08-30T08:53:18Z 96, 2398, [N/A], 59.88, 73 | 112319 824
2026-08-30T08:53:28Z 96, 2398, [N/A], 66.32, 78 | 112305 824
2026-08-30T08:53:38Z 96, 2398, [N/A], 77.23, 73 | 112307 824
2026-08-30T08:53:48Z 96, 2398, [N/A], 60.07, 73 | 112307 824
2026-08-30T08:53:58Z 96, 2398, [N/A], 65.27, 78 | 112286 824
2026-08-30T08:54:08Z 96, 2398, [N/A], 55.33, 75 | 112301 824
2026-08-30T08:54:18Z 96, 2398, [N/A], 67.03, 72 | 112300 824
2026-08-30T08:54:28Z 96, 2398, [N/A], 67.78, 76 | 112312 824
2026-08-30T08:54:39Z 96, 2398, [N/A], 66.80, 78 | 112297 824
2026-08-30T08:54:49Z 96, 2398, [N/A], 67.69, 73 | 112312 824
2026-08-30T08:54:59Z 96, 2398, [N/A], 72.40, 78 | 112310 824
2026-08-30T08:55:09Z 96, 2398, [N/A], 74.44, 74 | 112313 824
2026-08-30T08:55:19Z 96, 2398, [N/A], 72.45, 72 | 112283 824
2026-08-30T08:55:29Z 96, 2398, [N/A], 58.33, 74 | 112309 824
2026-08-30T08:55:39Z 96, 2405, [N/A], 52.35, 73 | 112293 824
2026-08-30T08:55:49Z 96, 2398, [N/A], 61.69, 73 | 112315 824
2026-08-30T08:55:59Z 96, 2398, [N/A], 64.68, 71 | 112331 824
2026-08-30T08:56:09Z 96, 2398, [N/A], 59.29, 73 | 112287 824
2026-08-30T08:56:19Z 96, 2398, [N/A], 67.62, 74 | 112292 824
2026-08-30T08:56:30Z 96, 2398, [N/A], 72.11, 73 | 112289 824
2026-08-30T08:56:40Z 96, 2398, [N/A], 67.00, 74 | 112311 824
2026-08-30T08:56:50Z 96, 2398, [N/A], 81.82, 79 | 112322 824
2026-08-30T08:57:00Z 96, 2398, [N/A], 75.34, 79 | 112321 824
2026-08-30T08:57:10Z 96, 2398, [N/A], 47.18, 72 | 112311 824
2026-08-30T08:57:20Z 96, 2398, [N/A], 63.04, 72 | 112341 824
2026-08-30T08:57:30Z 96, 2398, [N/A], 60.92, 73 | 112307 824
2026-08-30T08:57:40Z 96, 2398, [N/A], 55.05, 73 | 112302 824
2026-08-30T08:57:50Z 96, 2398, [N/A], 66.92, 77 | 112301 824
2026-08-30T08:58:00Z 96, 2405, [N/A], 67.42, 75 | 112301 824
2026-08-30T08:58:10Z 96, 2398, [N/A], 65.12, 78 | 112287 824
2026-08-30T08:58:20Z 96, 2398, [N/A], 70.28, 74 | 112270 824
2026-08-30T08:58:30Z 96, 2398, [N/A], 66.17, 76 | 112313 824
2026-08-30T08:58:40Z 96, 2398, [N/A], 69.01, 75 | 112300 824
2026-08-30T08:58:50Z 96, 2398, [N/A], 73.04, 75 | 112291 824
2026-08-30T08:59:00Z 96, 2398, [N/A], 70.92, 78 | 112284 824
2026-08-30T08:59:11Z 96, 2398, [N/A], 70.48, 73 | 112288 824
2026-08-30T08:59:21Z 96, 2398, [N/A], 35.38, 69 | 112282 824
2026-08-30T08:59:31Z 0, 2398, [N/A], 30.53, 64 | 112273 824
2026-08-30T08:59:41Z 96, 2398, [N/A], 50.87, 69 | 112303 824
2026-08-30T08:59:51Z 96, 2398, [N/A], 59.63, 71 | 112305 824
2026-08-30T09:00:01Z 96, 2398, [N/A], 67.68, 76 | 112300 824
2026-08-30T09:00:11Z 96, 2405, [N/A], 57.80, 71 | 112770 824
2026-08-30T09:00:21Z 96, 2398, [N/A], 67.92, 72 | 112884 824
2026-08-30T09:00:31Z 96, 2379, [N/A], 68.31, 74 | 112687 824
2026-08-30T09:00:41Z 96, 2398, [N/A], 68.77, 76 | 112534 824
2026-08-30T09:00:51Z 96, 2398, [N/A], 67.29, 73 | 112393 824
2026-08-30T09:01:01Z 96, 2398, [N/A], 70.96, 77 | 112378 824
2026-08-30T09:01:11Z 96, 2398, [N/A], 78.63, 78 | 112361 824
2026-08-30T09:01:21Z 96, 2398, [N/A], 58.72, 77 | 112351 824
2026-08-30T09:01:32Z 96, 2398, [N/A], 63.29, 74 | 112370 824
2026-08-30T09:01:42Z 96, 2398, [N/A], 63.39, 76 | 112365 824
2026-08-30T09:01:52Z 96, 2398, [N/A], 62.98, 74 | 112344 824
2026-08-30T09:02:02Z 96, 2405, [N/A], 67.19, 72 | 112350 824
2026-08-30T09:02:12Z 96, 2398, [N/A], 48.62, 72 | 112342 824
2026-08-30T09:02:22Z 96, 2398, [N/A], 70.17, 78 | 112349 824
2026-08-30T09:02:32Z 96, 2398, [N/A], 78.74, 78 | 112357 824
2026-08-30T09:02:42Z 96, 2398, [N/A], 73.31, 79 | 112357 824
2026-08-30T09:02:52Z 96, 2398, [N/A], 47.65, 72 | 112356 824
2026-08-30T09:03:02Z 96, 2398, [N/A], 64.56, 77 | 112366 824
2026-08-30T09:03:12Z 96, 2405, [N/A], 65.87, 72 | 112358 824
2026-08-30T09:03:22Z 96, 2398, [N/A], 52.42, 72 | 112368 824
2026-08-30T09:03:32Z 96, 2398, [N/A], 61.62, 73 | 112364 824
2026-08-30T09:03:42Z 96, 2398, [N/A], 64.88, 78 | 112374 824
2026-08-30T09:03:53Z 96, 2398, [N/A], 66.37, 73 | 112363 824
2026-08-30T09:04:03Z 96, 2398, [N/A], 67.27, 73 | 112347 824
2026-08-30T09:04:13Z 96, 2398, [N/A], 57.94, 72 | 112339 824
2026-08-30T09:04:23Z 96, 2398, [N/A], 73.26, 75 | 112329 824
2026-08-30T09:04:33Z 96, 2398, [N/A], 52.04, 72 | 112338 824
2026-08-30T09:04:43Z 96, 2398, [N/A], 71.18, 73 | 112351 824
2026-08-30T09:04:53Z 96, 2398, [N/A], 66.72, 79 | 112366 824
2026-08-30T09:05:03Z 96, 2398, [N/A], 62.46, 73 | 112350 824
2026-08-30T09:05:13Z 96, 2398, [N/A], 62.39, 73 | 112333 824
2026-08-30T09:05:23Z 96, 2398, [N/A], 59.74, 75 | 112343 824
2026-08-30T09:05:33Z 96, 2398, [N/A], 63.52, 75 | 112340 824
2026-08-30T09:05:43Z 96, 2398, [N/A], 67.86, 73 | 112374 824
2026-08-30T09:05:53Z 96, 2398, [N/A], 66.38, 77 | 112366 824
2026-08-30T09:06:03Z 96, 2398, [N/A], 68.09, 73 | 112372 824
2026-08-30T09:06:14Z 96, 2398, [N/A], 72.51, 79 | 112342 824
2026-08-30T09:06:24Z 96, 2398, [N/A], 76.00, 78 | 112350 824
2026-08-30T09:06:34Z 96, 2398, [N/A], 73.53, 76 | 112330 824
2026-08-30T09:06:44Z 96, 2398, [N/A], 65.06, 72 | 112349 824
2026-08-30T09:06:54Z 96, 2398, [N/A], 54.74, 73 | 112357 824
2026-08-30T09:07:04Z 96, 2398, [N/A], 58.69, 72 | 112347 824
2026-08-30T09:07:14Z 96, 2398, [N/A], 62.67, 73 | 112355 824
2026-08-30T09:07:24Z 96, 2398, [N/A], 75.23, 78 | 112389 824
2026-08-30T09:07:34Z 96, 2398, [N/A], 67.13, 77 | 112376 824
2026-08-30T09:07:44Z 96, 2398, [N/A], 70.37, 74 | 112347 824
2026-08-30T09:07:54Z 96, 2398, [N/A], 70.37, 74 | 112352 824
2026-08-30T09:08:05Z 96, 2398, [N/A], 69.36, 72 | 112350 824
2026-08-30T09:08:15Z 96, 2398, [N/A], 67.00, 74 | 112351 824
2026-08-30T09:08:25Z 96, 2405, [N/A], 65.11, 72 | 112358 824
2026-08-30T09:08:35Z 96, 2398, [N/A], 63.13, 77 | 112340 824
2026-08-30T09:08:45Z 96, 2398, [N/A], 61.46, 75 | 112357 824
2026-08-30T09:08:55Z 96, 2398, [N/A], 61.57, 72 | 112327 824
2026-08-30T09:09:05Z 96, 2398, [N/A], 63.52, 73 | 112349 824
2026-08-30T09:09:15Z 96, 2405, [N/A], 67.20, 77 | 112342 824
2026-08-30T09:09:25Z 96, 2398, [N/A], 61.44, 76 | 112343 824
2026-08-30T09:09:35Z 96, 2398, [N/A], 67.64, 74 | 112373 824
2026-08-30T09:09:45Z 96, 2372, [N/A], 72.88, 72 | 112371 824
2026-08-30T09:09:55Z 96, 2405, [N/A], 67.56, 73 | 112345 824
2026-08-30T09:10:05Z 96, 2398, [N/A], 79.26, 75 | 112350 824
2026-08-30T09:10:15Z 96, 2398, [N/A], 67.57, 78 | 112363 824
2026-08-30T09:10:25Z 96, 2398, [N/A], 61.16, 71 | 112369 824
2026-08-30T09:10:35Z 96, 2398, [N/A], 58.74, 74 | 112360 824
2026-08-30T09:10:46Z 96, 2398, [N/A], 66.78, 73 | 112356 824
2026-08-30T09:10:56Z 96, 2398, [N/A], 66.84, 73 | 112348 824
2026-08-30T09:11:06Z 96, 2398, [N/A], 64.27, 75 | 112375 824
2026-08-30T09:11:16Z 96, 2398, [N/A], 66.93, 74 | 112353 824
2026-08-30T09:11:26Z 96, 2398, [N/A], 60.53, 72 | 112371 824
2026-08-30T09:11:36Z 96, 2398, [N/A], 67.96, 76 | 112387 824
2026-08-30T09:11:46Z 96, 2398, [N/A], 57.15, 72 | 112368 824
2026-08-30T09:11:56Z 96, 2405, [N/A], 70.61, 74 | 112364 824
2026-08-30T09:12:06Z 96, 2398, [N/A], 73.00, 74 | 112366 824
2026-08-30T09:12:16Z 96, 2398, [N/A], 62.15, 76 | 112332 824
2026-08-30T09:12:26Z 96, 2398, [N/A], 61.95, 77 | 112362 824
2026-08-30T09:12:36Z 96, 2392, [N/A], 53.86, 76 | 112362 824
2026-08-30T09:12:46Z 96, 2398, [N/A], 64.61, 78 | 112360 824
2026-08-30T09:12:56Z 96, 2398, [N/A], 67.29, 78 | 112392 824
2026-08-30T09:13:06Z 96, 2398, [N/A], 67.11, 77 | 112366 824
2026-08-30T09:13:17Z 96, 2398, [N/A], 69.68, 78 | 112349 824
2026-08-30T09:13:27Z 96, 2398, [N/A], 66.29, 78 | 112376 824
2026-08-30T09:13:37Z 96, 2398, [N/A], 67.36, 78 | 112367 824
2026-08-30T09:13:47Z 96, 2398, [N/A], 66.49, 77 | 112357 824
2026-08-30T09:13:57Z 96, 2398, [N/A], 60.53, 72 | 112413 824
2026-08-30T09:14:07Z 96, 2398, [N/A], 54.10, 78 | 112378 824
2026-08-30T09:14:17Z 96, 2398, [N/A], 61.87, 76 | 112393 824
2026-08-30T09:14:27Z 96, 2398, [N/A], 62.76, 78 | 112386 824
2026-08-30T09:14:37Z 96, 2405, [N/A], 56.49, 71 | 112356 824
2026-08-30T09:14:47Z 96, 2398, [N/A], 66.76, 73 | 112360 824
2026-08-30T09:14:57Z 96, 2405, [N/A], 67.22, 78 | 112349 824
2026-08-30T09:15:07Z 96, 2405, [N/A], 70.32, 78 | 112363 824
2026-08-30T09:15:17Z 96, 2398, [N/A], 69.68, 72 | 112382 824
2026-08-30T09:15:28Z 96, 2398, [N/A], 67.05, 72 | 112361 824
2026-08-30T09:15:38Z 96, 2372, [N/A], 67.32, 73 | 112376 824
2026-08-30T09:15:48Z 96, 2398, [N/A], 67.14, 73 | 112368 824
2026-08-30T09:15:58Z 96, 2398, [N/A], 62.51, 75 | 112342 824
2026-08-30T09:16:08Z 96, 2398, [N/A], 48.09, 71 | 112335 824
2026-08-30T09:16:18Z 96, 2398, [N/A], 65.97, 74 | 112344 824
2026-08-30T09:16:28Z 96, 2398, [N/A], 65.27, 72 | 112356 824
2026-08-30T09:16:38Z 96, 2398, [N/A], 52.33, 72 | 112363 824
2026-08-30T09:16:48Z 96, 2398, [N/A], 69.12, 73 | 112351 824
2026-08-30T09:16:58Z 96, 2398, [N/A], 46.86, 72 | 112363 824
2026-08-30T09:17:08Z 96, 2398, [N/A], 69.93, 75 | 112350 824
2026-08-30T09:17:18Z 96, 2398, [N/A], 57.98, 72 | 112383 824
2026-08-30T09:17:28Z 96, 2405, [N/A], 71.25, 78 | 112361 824
2026-08-30T09:17:38Z 96, 2398, [N/A], 79.85, 79 | 112370 824
2026-08-30T09:17:48Z 96, 2398, [N/A], 33.63, 68 | 112365 824
2026-08-30T09:17:59Z 96, 2398, [N/A], 57.07, 70 | 112357 824
2026-08-30T09:18:09Z 96, 2398, [N/A], 61.75, 74 | 112336 824
2026-08-30T09:18:19Z 96, 2392, [N/A], 46.95, 71 | 112310 824
2026-08-30T09:18:29Z 96, 2398, [N/A], 62.91, 70 | 112344 824
2026-08-30T09:18:39Z 96, 2398, [N/A], 67.67, 72 | 112337 824
2026-08-30T09:18:49Z 96, 2398, [N/A], 67.23, 71 | 112341 824
2026-08-30T09:18:59Z 96, 2398, [N/A], 72.98, 78 | 112328 824
2026-08-30T09:19:09Z 96, 2398, [N/A], 71.47, 78 | 112336 824
2026-08-30T09:19:19Z 96, 2398, [N/A], 74.95, 78 | 112339 824
2026-08-30T09:19:29Z 96, 2398, [N/A], 75.86, 74 | 112332 824
2026-08-30T09:19:39Z 96, 2398, [N/A], 58.58, 74 | 112329 824
2026-08-30T09:19:50Z 96, 2398, [N/A], 62.51, 77 | 112325 824
2026-08-30T09:20:00Z 96, 2398, [N/A], 60.23, 78 | 112310 824
2026-08-30T09:20:10Z 96, 2398, [N/A], 67.67, 72 | 112325 824
2026-08-30T09:20:20Z 96, 2372, [N/A], 67.30, 76 | 112343 824
2026-08-30T09:20:30Z 96, 2405, [N/A], 67.16, 74 | 112327 824
2026-08-30T09:20:40Z 96, 2398, [N/A], 69.39, 74 | 112318 824
2026-08-30T09:20:50Z 96, 2398, [N/A], 69.53, 73 | 112342 824
2026-08-30T09:21:00Z 96, 2398, [N/A], 67.97, 75 | 112329 824
2026-08-30T09:21:10Z 96, 2398, [N/A], 68.61, 78 | 112330 824
2026-08-30T09:21:20Z 96, 2398, [N/A], 66.92, 76 | 112360 824
2026-08-30T09:21:30Z 96, 2398, [N/A], 65.97, 73 | 112357 824
2026-08-30T09:21:40Z 96, 2398, [N/A], 60.54, 73 | 112359 824
2026-08-30T09:21:50Z 96, 2398, [N/A], 64.60, 75 | 112361 824
2026-08-30T09:22:00Z 96, 2398, [N/A], 63.11, 78 | 112335 824
2026-08-30T09:22:11Z 96, 2398, [N/A], 64.39, 72 | 112330 824
2026-08-30T09:22:21Z 96, 2398, [N/A], 60.49, 78 | 112338 824
2026-08-30T09:22:31Z 96, 2398, [N/A], 68.98, 78 | 112327 824
2026-08-30T09:22:41Z 96, 2398, [N/A], 72.29, 77 | 112326 824
2026-08-30T09:22:51Z 96, 2398, [N/A], 67.95, 78 | 112313 824
2026-08-30T09:23:01Z 96, 2398, [N/A], 66.78, 78 | 112329 824
2026-08-30T09:23:11Z 96, 2398, [N/A], 74.81, 79 | 112335 824
2026-08-30T09:23:21Z 96, 2398, [N/A], 81.81, 79 | 112365 824
2026-08-30T09:23:31Z 96, 2398, [N/A], 60.54, 73 | 112354 824
2026-08-30T09:23:41Z 96, 2398, [N/A], 61.86, 78 | 112355 824
2026-08-30T09:23:51Z 96, 2392, [N/A], 67.13, 75 | 112325 824
2026-08-30T09:24:01Z 96, 2398, [N/A], 66.28, 71 | 112338 824
2026-08-30T09:24:11Z 96, 2398, [N/A], 67.39, 71 | 112328 824
2026-08-30T09:24:21Z 96, 2398, [N/A], 56.04, 72 | 112320 824
2026-08-30T09:24:32Z 96, 2398, [N/A], 67.81, 73 | 112306 824
2026-08-30T09:24:42Z 96, 2398, [N/A], 67.20, 73 | 112326 824
2026-08-30T09:24:52Z 96, 2398, [N/A], 73.35, 74 | 112330 824
2026-08-30T09:25:02Z 96, 2398, [N/A], 64.28, 73 | 112330 824
2026-08-30T09:25:12Z 96, 2405, [N/A], 62.66, 75 | 112306 824
2026-08-30T09:25:22Z 96, 2398, [N/A], 61.19, 77 | 112303 824
2026-08-30T09:25:32Z 96, 2392, [N/A], 60.63, 73 | 112363 824
2026-08-30T09:25:42Z 96, 2398, [N/A], 63.86, 78 | 112335 824
2026-08-30T09:25:52Z 96, 2398, [N/A], 73.06, 78 | 112338 824
2026-08-30T09:26:02Z 96, 2398, [N/A], 65.72, 73 | 112367 824
2026-08-30T09:26:13Z 96, 2398, [N/A], 70.24, 77 | 112366 824
2026-08-30T09:26:23Z 96, 2398, [N/A], 69.88, 72 | 112357 824
2026-08-30T09:26:33Z 96, 2405, [N/A], 67.44, 78 | 112351 824
2026-08-30T09:26:43Z 96, 2398, [N/A], 74.15, 72 | 112328 824
2026-08-30T09:26:53Z 96, 2398, [N/A], 68.98, 72 | 112335 824
2026-08-30T09:27:03Z 96, 2398, [N/A], 66.76, 74 | 112338 824
2026-08-30T09:27:13Z 96, 2398, [N/A], 64.53, 73 | 112336 824
2026-08-30T09:27:23Z 96, 2398, [N/A], 66.70, 75 | 112345 824
2026-08-30T09:27:33Z 96, 2398, [N/A], 66.88, 72 | 112351 824
2026-08-30T09:27:43Z 96, 2398, [N/A], 63.53, 73 | 112319 824
2026-08-30T09:27:53Z 96, 2398, [N/A], 58.23, 71 | 112332 824
2026-08-30T09:28:03Z 96, 2398, [N/A], 68.47, 74 | 112320 824
2026-08-30T09:28:13Z 96, 2379, [N/A], 67.54, 71 | 112335 824
2026-08-30T09:28:24Z 96, 2398, [N/A], 72.17, 79 | 112322 824
2026-08-30T09:28:34Z 96, 2372, [N/A], 67.19, 73 | 112334 824
2026-08-30T09:28:44Z 96, 2405, [N/A], 67.57, 75 | 112322 824
2026-08-30T09:28:54Z 96, 2398, [N/A], 60.67, 72 | 112346 824
2026-08-30T09:29:04Z 96, 2398, [N/A], 58.47, 74 | 112343 824
2026-08-30T09:29:14Z 96, 2405, [N/A], 60.78, 75 | 112352 824
2026-08-30T09:29:24Z 96, 2379, [N/A], 65.37, 72 | 112312 824
2026-08-30T09:29:34Z 96, 2398, [N/A], 66.49, 73 | 112330 824
2026-08-30T09:29:44Z 96, 2398, [N/A], 66.16, 73 | 112328 824
2026-08-30T09:29:54Z 96, 2398, [N/A], 66.15, 73 | 112348 824
2026-08-30T09:30:04Z 96, 2398, [N/A], 67.01, 76 | 112361 824
2026-08-30T09:30:14Z 96, 2398, [N/A], 57.67, 73 | 112336 824
2026-08-30T09:30:24Z 96, 2405, [N/A], 67.42, 78 | 112335 824
2026-08-30T09:30:34Z 96, 2398, [N/A], 70.38, 79 | 112367 824
2026-08-30T09:30:44Z 96, 2398, [N/A], 67.22, 75 | 112345 824
2026-08-30T09:30:54Z 96, 2398, [N/A], 60.86, 73 | 112323 824
2026-08-30T09:31:05Z 96, 2398, [N/A], 60.73, 73 | 112330 824
2026-08-30T09:31:15Z 96, 2398, [N/A], 63.16, 74 | 112319 824
2026-08-30T09:31:25Z 96, 2398, [N/A], 54.83, 72 | 112334 824
2026-08-30T09:31:35Z 96, 2398, [N/A], 64.20, 78 | 112333 824
2026-08-30T09:31:45Z 96, 2398, [N/A], 68.09, 73 | 112319 824
2026-08-30T09:31:55Z 96, 2398, [N/A], 66.46, 73 | 112355 824
2026-08-30T09:32:05Z 96, 2398, [N/A], 72.82, 75 | 112311 824
2026-08-30T09:32:15Z 96, 2398, [N/A], 70.20, 78 | 112326 824
2026-08-30T09:32:25Z 96, 2398, [N/A], 69.72, 78 | 112353 824
2026-08-30T09:32:35Z 96, 2405, [N/A], 73.41, 79 | 112366 824
2026-08-30T09:32:45Z 96, 2398, [N/A], 58.17, 77 | 112341 824
2026-08-30T09:32:55Z 96, 2398, [N/A], 57.72, 77 | 112309 824
2026-08-30T09:33:05Z 96, 2398, [N/A], 62.59, 73 | 112333 824
2026-08-30T09:33:16Z 96, 2398, [N/A], 64.26, 78 | 112317 824
2026-08-30T09:33:26Z 96, 2398, [N/A], 63.06, 74 | 112317 824
2026-08-30T09:33:36Z 96, 2398, [N/A], 67.48, 77 | 112316 824
2026-08-30T09:33:46Z 96, 2398, [N/A], 62.46, 73 | 112329 824
2026-08-30T09:33:56Z 96, 2398, [N/A], 70.56, 76 | 112322 824
2026-08-30T09:34:06Z 96, 2398, [N/A], 46.76, 72 | 112346 824
2026-08-30T09:34:16Z 96, 2398, [N/A], 73.97, 79 | 112384 824
2026-08-30T09:34:26Z 96, 2398, [N/A], 60.87, 78 | 112349 824
2026-08-30T09:34:36Z 96, 2398, [N/A], 63.74, 78 | 112347 824
2026-08-30T09:34:46Z 96, 2398, [N/A], 65.10, 71 | 112326 824
2026-08-30T09:34:56Z 96, 2398, [N/A], 64.39, 74 | 112321 824
2026-08-30T09:35:06Z 96, 2405, [N/A], 65.21, 75 | 112349 824
2026-08-30T09:35:17Z 96, 2398, [N/A], 68.99, 73 | 112341 824
2026-08-30T09:35:27Z 96, 2398, [N/A], 66.10, 73 | 112313 824
2026-08-30T09:35:37Z 96, 2398, [N/A], 70.54, 78 | 112360 824
2026-08-30T09:35:47Z 96, 2398, [N/A], 68.72, 73 | 112353 824
2026-08-30T09:35:57Z 96, 2398, [N/A], 66.99, 73 | 112345 824
2026-08-30T09:36:07Z 96, 2398, [N/A], 73.57, 79 | 112323 824
2026-08-30T09:36:17Z 96, 2398, [N/A], 70.94, 76 | 112333 824
2026-08-30T09:36:27Z 96, 2398, [N/A], 72.68, 75 | 112352 824
2026-08-30T09:36:37Z 96, 2398, [N/A], 36.13, 70 | 112342 824
2026-08-30T09:36:47Z 96, 2398, [N/A], 30.98, 67 | 112327 824
2026-08-30T09:36:57Z 0, 2411, [N/A], 13.34, 60 | 112371 824
2026-08-30T09:37:07Z 0, 2411, [N/A], 12.90, 56 | 112366 824
2026-08-30T09:37:17Z 0, 2411, [N/A], 12.67, 54 | 112686 824
2026-08-30T09:37:27Z 0, 2398, [N/A], 12.21, 52 | 112358 824
2026-08-30T09:37:37Z 0, 2398, [N/A], 12.10, 51 | 112371 824
2026-08-30T09:37:48Z 0, 2398, [N/A], 11.73, 50 | 112391 824
2026-08-30T09:37:58Z 0, 2398, [N/A], 11.59, 49 | 112373 824
2026-08-30T09:38:08Z 0, 2398, [N/A], 11.66, 48 | 105022 824
2026-08-30T09:38:18Z 0, 208, [N/A], 4.74, 46 | 3448 824
2026-08-30T09:38:28Z 0, 208, [N/A], 4.69, 45 | 3443 824
2026-08-30T09:38:38Z 0, 208, [N/A], 4.65, 45 | 3431 824
2026-08-30T09:38:48Z 0, 208, [N/A], 4.65, 44 | 3423 824
2026-08-30T09:38:58Z 0, 208, [N/A], 4.68, 44 | 3419 824
2026-08-30T09:39:08Z 0, 208, [N/A], 4.61, 43 | 3426 824
2026-08-30T09:39:18Z 0, 208, [N/A], 4.59, 43 | 3400 824
2026-08-30T09:39:28Z 0, 208, [N/A], 4.57, 42 | 3397 824
2026-08-30T09:39:38Z 0, 208, [N/A], 4.57, 42 | 3430 824
2026-08-30T09:39:48Z 0, 208, [N/A], 4.59, 42 | 3406 824
2026-08-30T09:39:58Z 0, 208, [N/A], 4.55, 41 | 3427 824
2026-08-30T09:40:08Z 0, 208, [N/A], 4.51, 41 | 3431 824
2026-08-30T09:40:18Z 0, 208, [N/A], 4.57, 41 | 3436 824
2026-08-30T09:40:28Z 0, 208, [N/A], 4.52, 41 | 3455 824
2026-08-30T09:40:38Z 0, 208, [N/A], 4.55, 40 | 3403 824
2026-08-30T09:40:48Z 0, 208, [N/A], 4.52, 40 | 3411 824
2026-08-30T09:40:58Z 0, 208, [N/A], 4.50, 40 | 3384 824
2026-08-30T09:41:08Z 0, 208, [N/A], 4.58, 40 | 3413 824
2026-08-30T09:41:18Z 0, 208, [N/A], 4.48, 39 | 3398 824
2026-08-30T09:41:28Z 0, 208, [N/A], 4.51, 39 | 3397 824
2026-08-30T09:41:38Z 0, 208, [N/A], 4.48, 39 | 3410 824
2026-08-30T09:41:48Z 0, 208, [N/A], 4.45, 39 | 3414 824
2026-08-30T09:41:58Z 0, 208, [N/A], 4.56, 39 | 3406 824
2026-08-30T09:42:08Z 0, 208, [N/A], 4.45, 38 | 3420 824
2026-08-30T09:42:18Z 0, 208, [N/A], 4.46, 38 | 3437 824
2026-08-30T09:42:29Z 0, 208, [N/A], 4.43, 38 | 3429 824
2026-08-30T09:42:39Z 0, 208, [N/A], 4.46, 38 | 3400 824
2026-08-30T09:42:49Z 0, 208, [N/A], 4.42, 38 | 3381 824
2026-08-30T09:42:59Z 0, 208, [N/A], 4.45, 38 | 3383 824
2026-08-30T09:43:09Z 0, 208, [N/A], 4.54, 38 | 3408 824
2026-08-30T09:43:19Z 0, 208, [N/A], 4.45, 37 | 3431 823
2026-08-30T09:43:29Z 0, 208, [N/A], 4.43, 37 | 3419 823
2026-08-30T09:43:39Z 0, 208, [N/A], 4.43, 37 | 3400 823
2026-08-30T09:43:49Z 0, 208, [N/A], 4.46, 37 | 3396 823
2026-08-30T09:43:59Z 0, 208, [N/A], 4.46, 37 | 3406 823
2026-08-30T09:44:09Z 0, 208, [N/A], 4.44, 37 | 3391 823
2026-08-30T09:44:19Z 0, 208, [N/A], 4.43, 37 | 3417 823
2026-08-30T09:44:29Z 0, 208, [N/A], 4.50, 37 | 3419 823
2026-08-30T09:44:39Z 0, 208, [N/A], 4.42, 37 | 3395 823
2026-08-30T09:44:49Z 0, 208, [N/A], 4.49, 36 | 3410 823
2026-08-30T09:44:59Z 0, 208, [N/A], 4.41, 36 | 3386 823
2026-08-30T09:45:09Z 0, 208, [N/A], 4.40, 36 | 3425 823
2026-08-30T09:45:19Z 0, 201, [N/A], 4.52, 36 | 3951 823
2026-08-30T09:45:29Z 0, 208, [N/A], 6.75, 37 | 5887 823
2026-08-30T09:45:39Z 0, 2398, [N/A], 10.38, 38 | 6983 823
2026-08-30T09:45:49Z 0, 2398, [N/A], 10.48, 39 | 12568 823
2026-08-30T09:45:59Z 0, 2398, [N/A], 10.41, 39 | 12485 823
2026-08-30T09:46:09Z 0, 2398, [N/A], 10.39, 39 | 12470 823
2026-08-30T09:46:19Z 0, 2398, [N/A], 10.40, 38 | 12451 823
2026-08-30T09:46:29Z 0, 2398, [N/A], 10.45, 38 | 12456 823
2026-08-30T09:46:39Z 0, 2398, [N/A], 10.45, 39 | 12641 823
2026-08-30T09:46:49Z 0, 2398, [N/A], 10.45, 39 | 12683 823
2026-08-30T09:46:59Z 0, 208, [N/A], 4.56, 38 | 3711 822
2026-08-30T09:47:10Z 0, 208, [N/A], 4.39, 38 | 3655 822
2026-08-30T09:47:20Z 0, 208, [N/A], 4.50, 37 | 3597 822
2026-08-30T09:47:30Z 0, 208, [N/A], 4.39, 37 | 3578 822
2026-08-30T09:47:40Z 0, 208, [N/A], 4.39, 36 | 3568 822
2026-08-30T09:47:50Z 0, 208, [N/A], 4.40, 36 | 3526 822
2026-08-30T09:48:00Z 0, 208, [N/A], 4.39, 36 | 3554 822
2026-08-30T09:48:10Z 0, 208, [N/A], 4.47, 36 | 3578 822
2026-08-30T09:48:20Z 0, 208, [N/A], 4.38, 36 | 3535 822
2026-08-30T09:48:30Z 0, 208, [N/A], 4.36, 36 | 3551 822
2026-08-30T09:48:40Z 0, 208, [N/A], 4.35, 36 | 3544 822
2026-08-30T09:48:50Z 0, 208, [N/A], 4.36, 36 | 3514 822
2026-08-30T09:49:00Z 0, 208, [N/A], 4.47, 35 | 3501 822
2026-08-30T09:49:10Z 0, 208, [N/A], 4.35, 35 | 3533 822
2026-08-30T09:49:20Z 0, 208, [N/A], 4.37, 35 | 3562 822
2026-08-30T09:49:30Z 0, 208, [N/A], 4.47, 35 | 3552 822
2026-08-30T09:49:40Z 0, 208, [N/A], 4.37, 35 | 3534 822
2026-08-30T09:49:50Z 0, 208, [N/A], 4.42, 35 | 3543 822
2026-08-30T09:50:00Z 0, 208, [N/A], 4.39, 35 | 3551 822
2026-08-30T09:50:10Z 0, 208, [N/A], 4.35, 35 | 3527 822
2026-08-30T09:50:20Z 0, 208, [N/A], 4.40, 35 | 3534 822
2026-08-30T09:50:30Z 0, 208, [N/A], 4.36, 35 | 3531 822
2026-08-30T09:50:40Z 0, 208, [N/A], 4.39, 35 | 3551 822
2026-08-30T09:50:50Z 0, 208, [N/A], 4.33, 35 | 3546 822
2026-08-30T09:51:00Z 0, 208, [N/A], 4.38, 35 | 3536 822
2026-08-30T09:51:10Z 0, 208, [N/A], 4.44, 35 | 3541 822
2026-08-30T09:51:20Z 0, 208, [N/A], 4.32, 35 | 3558 822
2026-08-30T09:51:30Z 0, 208, [N/A], 4.42, 35 | 3541 822
2026-08-30T09:51:41Z 0, 208, [N/A], 4.35, 35 | 3524 822
2026-08-30T09:51:51Z 0, 208, [N/A], 4.36, 35 | 3540 822
2026-08-30T09:52:01Z 0, 208, [N/A], 4.41, 35 | 3574 822
2026-08-30T09:52:11Z 0, 208, [N/A], 4.36, 35 | 3542 822
2026-08-30T09:52:21Z 0, 208, [N/A], 4.44, 35 | 3539 822
2026-08-30T09:52:31Z 0, 208, [N/A], 4.34, 34 | 3548 822
